2026-07-07T14:20:28Z,ips=92.53.115.87|186.246.14.127|186.246.14.113,92.53.115.87_22=OK,92.53.115.87_443=OK,186.246.14.127_22=OK,186.246.14.127_443=OK,186.246.14.113_22=OK,186.246.14.113_443=OK
2026-07-07T14:25:35Z,ips=92.53.115.87|186.246.14.127|186.246.14.113,92.53.115.87_22=OK,92.53.115.87_443=OK,186.246.14.127_22=OK,186.246.14.127_443=OK,186.246.14.113_22=OK,186.246.14.113_443=OK
2026-07-07T14:30:50Z,ips=92.53.115.87|186.246.14.127|186.246.14.113,92.53.115.87_22=OK,92.53.115.87_443=OK,186.246.14.127_22=OK,186.246.14.127_443=OK,186.246.14.113_22=OK,186.246.14.113_443=OK
2026-07-07T14:35:27Z,ips=92.53.115.87|186.246.14.127|186.246.14.113,92.53.115.87_22=OK,92.53.115.87_443=OK,186.246.14.127_22=OK,186.246.14.127_443=OK,186.246.14.113_22=OK,186.246.14.113_443=OK
2026-07-07T14:40:36Z,ips=92.53.115.87|186.246.14.127|186.246.14.113,92.53.115.87_22=OK,92.53.115.87_443=OK,186.246.14.127_22=OK,186.246.14.127_443=OK,186.246.14.113_22=OK,186.246.14.113_443=OK
2026-07-07T14:45:46Z,ips=92.53.115.87|186.246.14.127|186.246.14.113,92.53.115.87_22=OK,92.53.115.87_443=OK,186.246.14.127_22=OK,186.246.14.127_443=OK,186.246.14.113_22=OK,186.246.14.113_443=OK
2026-07-07T14:50:54Z,ips=92.53.115.87|186.246.14.127|186.246.14.113,92.53.115.87_22=OK,92.53.115.87_443=OK,186.246.14.127_22=OK,186.246.14.127_443=OK,186.246.14.113_22=OK,186.246.14.113_443=OK
2026-07-07T14:55:38Z,ips=92.53.115.87|186.246.14.127|186.246.14.113,92.53.115.87_22=OK,92.53.115.87_443=OK,186.246.14.127_22=OK,186.246.14.127_443=OK,186.246.14.113_22=OK,186.246.14.113_443=OK
2026-07-07T15:01:07Z,ips=92.53.115.87|186.246.14.127|186.246.14.113,92.53.115.87_22=OK,92.53.115.87_443=OK,186.246.14.127_22=OK,186.246.14.127_443=OK,186.246.14.113_22=OK,186.246.14.113_443=OK
2026-07-07T15:05:24Z,ips=92.53.115.87|186.246.14.127|186.246.14.113,92.53.115.87_22=OK,92.53.115.87_443=OK,186.246.14.127_22=OK,186.246.14.127_443=OK,186.246.14.113_22=OK,186.246.14.113_443=OK
2026-07-07T15:10:28Z,ips=92.53.115.87|186.246.14.127|186.246.14.113,92.53.115.87_22=OK,92.53.115.87_443=OK,186.246.14.127_22=OK,186.246.14.127_443=OK,186.246.14.113_22=OK,186.246.14.113_443=OK
2026-07-07T15:15:25Z,ips=92.53.115.87|186.246.14.127|186.246.14.113,92.53.115.87_22=OK,92.53.115.87_443=OK,186.246.14.127_22=OK,186.246.14.127_443=OK,186.246.14.113_22=OK,186.246.14.113_443=OK
2026-07-07T15:20:41Z,ips=92.53.115.87|186.246.14.127|186.246.14.113,92.53.115.87_22=OK,92.53.115.87_443=OK,186.246.14.127_22=OK,186.246.14.127_443=OK,186.246.14.113_22=OK,186.246.14.113_443=OK
2026-07-07T15:25:44Z,ips=92.53.115.87|186.246.14.127|186.246.14.113,92.53.115.87_22=OK,92.53.115.87_443=OK,186.246.14.127_22=OK,186.246.14.127_443=OK,186.246.14.113_22=OK,186.246.14.113_443=OK
2026-07-07T15:30:52Z,ips=92.53.115.87|186.246.14.127|186.246.14.113,92.53.115.87_22=OK,92.53.115.87_443=OK,186.246.14.127_22=OK,186.246.14.127_443=OK,186.246.14.113_22=OK,186.246.14.113_443=OK
2026-07-07T15:35:26Z,ips=92.53.115.87|186.246.14.127|186.246.14.113,92.53.115.87_22=OK,92.53.115.87_443=OK,186.246.14.127_22=OK,186.246.14.127_443=OK,186.246.14.113_22=OK,186.246.14.113_443=OK
2026-07-07T15:40:29Z,ips=92.53.115.87|186.246.14.127|186.246.14.113,92.53.115.87_22=OK,92.53.115.87_443=OK,186.246.14.127_22=OK,186.246.14.127_443=OK,186.246.14.113_22=OK,186.246.14.113_443=OK
2026-07-07T15:45:33Z,ips=92.53.115.87|186.246.14.127|186.246.14.113,92.53.115.87_22=OK,92.53.115.87_443=OK,186.246.14.127_22=OK,186.246.14.127_443=OK,186.246.14.113_22=OK,186.246.14.113_443=OK
2026-07-07T15:50:37Z,ips=92.53.115.87|186.246.14.127|186.246.14.113,92.53.115.87_22=OK,92.53.115.87_443=OK,186.246.14.127_22=OK,186.246.14.127_443=OK,186.246.14.113_22=OK,186.246.14.113_443=OK
2026-07-07T15:55:38Z,ips=92.53.115.87|186.246.14.127|186.246.14.113,92.53.115.87_22=OK,92.53.115.87_443=OK,186.246.14.127_22=OK,186.246.14.127_443=OK,186.246.14.113_22=OK,186.246.14.113_443=OK
2026-07-07T16:00:55Z,ips=92.53.115.87|186.246.14.127|186.246.14.113,92.53.115.87_22=OK,92.53.115.87_443=OK,186.246.14.127_22=OK,186.246.14.127_443=OK,186.246.14.113_22=OK,186.246.14.113_443=OK
2026-07-07T16:05:30Z,ips=92.53.115.87|186.246.14.127|186.246.14.113,92.53.115.87_22=OK,92.53.115.87_443=OK,186.246.14.127_22=OK,186.246.14.127_443=OK,186.246.14.113_22=OK,186.246.14.113_443=OK
2026-07-07T16:10:44Z,ips=92.53.115.87|186.246.14.127|186.246.14.113,92.53.115.87_22=OK,92.53.115.87_443=OK,186.246.14.127_22=OK,186.246.14.127_443=OK,186.246.14.113_22=OK,186.246.14.113_443=OK
2026-07-07T16:15:47Z,ips=92.53.115.87|186.246.14.127|186.246.14.113,92.53.115.87_22=OK,92.53.115.87_443=OK,186.246.14.127_22=OK,186.246.14.127_443=OK,186.246.14.113_22=OK,186.246.14.113_443=OK
2026-07-07T16:20:26Z,ips=92.53.115.87|186.246.14.127|186.246.14.113,92.53.115.87_22=OK,92.53.115.87_443=OK,186.246.14.127_22=OK,186.246.14.127_443=OK,186.246.14.113_22=OK,186.246.14.113_443=OK
2026-07-07T16:25:34Z,ips=92.53.115.87|186.246.14.127|186.246.14.113,92.53.115.87_22=OK,92.53.115.87_443=OK,186.246.14.127_22=OK,186.246.14.127_443=OK,186.246.14.113_22=OK,186.246.14.113_443=OK
2026-07-07T16:30:53Z,ips=92.53.115.87|186.246.14.127|186.246.14.113,92.53.115.87_22=OK,92.53.115.87_443=OK,186.246.14.127_22=OK,186.246.14.127_443=OK,186.246.14.113_22=OK,186.246.14.113_443=OK
2026-07-07T16:35:29Z,ips=92.53.115.87|186.246.14.127|186.246.14.113,92.53.115.87_22=OK,92.53.115.87_443=OK,186.246.14.127_22=OK,186.246.14.127_443=OK,186.246.14.113_22=OK,186.246.14.113_443=OK
2026-07-07T16:40:35Z,ips=92.53.115.87|186.246.14.127|186.246.14.113,92.53.115.87_22=OK,92.53.115.87_443=OK,186.246.14.127_22=OK,186.246.14.127_443=OK,186.246.14.113_22=OK,186.246.14.113_443=OK
2026-07-07T16:45:40Z,ips=92.53.115.87|186.246.14.127|186.246.14.113,92.53.115.87_22=OK,92.53.115.87_443=OK,186.246.14.127_22=OK,186.246.14.127_443=OK,186.246.14.113_22=OK,186.246.14.113_443=OK
2026-07-07T16:50:42Z,ips=92.53.115.87|186.246.14.127|186.246.14.113,92.53.115.87_22=OK,92.53.115.87_443=OK,186.246.14.127_22=OK,186.246.14.127_443=OK,186.246.14.113_22=OK,186.246.14.113_443=OK
2026-07-07T16:55:37Z,ips=92.53.115.87|186.246.14.127|186.246.14.113,92.53.115.87_22=OK,92.53.115.87_443=OK,186.246.14.127_22=OK,186.246.14.127_443=OK,186.246.14.113_22=OK,186.246.14.113_443=OK
2026-07-07T17:01:04Z,ips=92.53.115.87|186.246.14.127|186.246.14.113,92.53.115.87_22=OK,92.53.115.87_443=OK,186.246.14.127_22=OK,186.246.14.127_443=OK,186.246.14.113_22=OK,186.246.14.113_443=OK
2026-07-07T17:05:22Z,ips=92.53.115.87|186.246.14.127|186.246.14.113,92.53.115.87_22=OK,92.53.115.87_443=OK,186.246.14.127_22=OK,186.246.14.127_443=OK,186.246.14.113_22=OK,186.246.14.113_443=OK
2026-07-07T17:10:26Z,ips=92.53.115.87|186.246.14.127|186.246.14.113,92.53.115.87_22=OK,92.53.115.87_443=OK,186.246.14.127_22=OK,186.246.14.127_443=OK,186.246.14.113_22=OK,186.246.14.113_443=OK
2026-07-07T17:15:31Z,ips=92.53.115.87|186.246.14.127|186.246.14.113,92.53.115.87_22=OK,92.53.115.87_443=OK,186.246.14.127_22=OK,186.246.14.127_443=OK,186.246.14.113_22=OK,186.246.14.113_443=OK
2026-07-07T17:20:36Z,ips=92.53.115.87|186.246.14.127|186.246.14.113,92.53.115.87_22=OK,92.53.115.87_443=OK,186.246.14.127_22=OK,186.246.14.127_443=OK,186.246.14.113_22=OK,186.246.14.113_443=OK
2026-07-07T17:25:36Z,ips=92.53.115.87|186.246.14.127|186.246.14.113,92.53.115.87_22=OK,92.53.115.87_443=OK,186.246.14.127_22=OK,186.246.14.127_443=OK,186.246.14.113_22=OK,186.246.14.113_443=OK
2026-07-07T17:30:52Z,ips=92.53.115.87|186.246.14.127|186.246.14.113,92.53.115.87_22=OK,92.53.115.87_443=OK,186.246.14.127_22=OK,186.246.14.127_443=OK,186.246.14.113_22=OK,186.246.14.113_443=OK
2026-07-07T17:35:35Z,ips=92.53.115.87|186.246.14.127|186.246.14.113,92.53.115.87_22=OK,92.53.115.87_443=OK,186.246.14.127_22=OK,186.246.14.127_443=OK,186.246.14.113_22=OK,186.246.14.113_443=OK
2026-07-07T17:40:47Z,ips=92.53.115.87|186.246.14.127|186.246.14.113,92.53.115.87_22=OK,92.53.115.87_443=OK,186.246.14.127_22=OK,186.246.14.127_443=OK,186.246.14.113_22=OK,186.246.14.113_443=OK
2026-07-07T17:45:48Z,ips=92.53.115.87|186.246.14.127|186.246.14.113,92.53.115.87_22=OK,92.53.115.87_443=OK,186.246.14.127_22=OK,186.246.14.127_443=OK,186.246.14.113_22=OK,186.246.14.113_443=OK
2026-07-07T17:50:48Z,ips=92.53.115.87|186.246.14.127|186.246.14.113,92.53.115.87_22=OK,92.53.115.87_443=OK,186.246.14.127_22=OK,186.246.14.127_443=OK,186.246.14.113_22=OK,186.246.14.113_443=OK
2026-07-07T17:55:48Z,ips=92.53.115.87|186.246.14.127|186.246.14.113,92.53.115.87_22=OK,92.53.115.87_443=OK,186.246.14.127_22=OK,186.246.14.127_443=OK,186.246.14.113_22=OK,186.246.14.113_443=OK
2026-07-07T18:00:41Z,ips=92.53.115.87|186.246.14.127|186.246.14.113,92.53.115.87_22=OK,92.53.115.87_443=OK,186.246.14.127_22=OK,186.246.14.127_443=OK,186.246.14.113_22=OK,186.246.14.113_443=OK
2026-07-07T18:05:44Z,ips=92.53.115.87|186.246.14.127|186.246.14.113,92.53.115.87_22=OK,92.53.115.87_443=OK,186.246.14.127_22=OK,186.246.14.127_443=OK,186.246.14.113_22=OK,186.246.14.113_443=OK
2026-07-07T18:10:24Z,ips=92.53.115.87|186.246.14.127|186.246.14.113,92.53.115.87_22=OK,92.53.115.87_443=OK,186.246.14.127_22=OK,186.246.14.127_443=OK,186.246.14.113_22=OK,186.246.14.113_443=OK
2026-07-07T18:15:26Z,ips=92.53.115.87|186.246.14.127|186.246.14.113,92.53.115.87_22=OK,92.53.115.87_443=OK,186.246.14.127_22=OK,186.246.14.127_443=OK,186.246.14.113_22=OK,186.246.14.113_443=OK
2026-07-07T18:20:28Z,ips=92.53.115.87|186.246.14.127|186.246.14.113,92.53.115.87_22=OK,92.53.115.87_443=OK,186.246.14.127_22=OK,186.246.14.127_443=OK,186.246.14.113_22=OK,186.246.14.113_443=OK
2026-07-07T18:25:41Z,ips=92.53.115.87|186.246.14.127|186.246.14.113,92.53.115.87_22=OK,92.53.115.87_443=OK,186.246.14.127_22=OK,186.246.14.127_443=OK,186.246.14.113_22=OK,186.246.14.113_443=OK
2026-07-07T18:30:30Z,ips=92.53.115.87|186.246.14.127|186.246.14.113,92.53.115.87_22=OK,92.53.115.87_443=OK,186.246.14.127_22=OK,186.246.14.127_443=OK,186.246.14.113_22=OK,186.246.14.113_443=OK
2026-07-07T18:35:44Z,ips=92.53.115.87|186.246.14.127|186.246.14.113,92.53.115.87_22=OK,92.53.115.87_443=OK,186.246.14.127_22=OK,186.246.14.127_443=OK,186.246.14.113_22=OK,186.246.14.113_443=OK
2026-07-07T18:40:48Z,ips=92.53.115.87|186.246.14.127|186.246.14.113,92.53.115.87_22=OK,92.53.115.87_443=OK,186.246.14.127_22=OK,186.246.14.127_443=OK,186.246.14.113_22=OK,186.246.14.113_443=OK
2026-07-07T18:45:35Z,ips=92.53.115.87|186.246.14.127|186.246.14.113,92.53.115.87_22=OK,92.53.115.87_443=OK,186.246.14.127_22=OK,186.246.14.127_443=OK,186.246.14.113_22=OK,186.246.14.113_443=OK
2026-07-07T18:50:49Z,ips=92.53.115.87|186.246.14.127|186.246.14.113,92.53.115.87_22=OK,92.53.115.87_443=OK,186.246.14.127_22=OK,186.246.14.127_443=OK,186.246.14.113_22=OK,186.246.14.113_443=OK
2026-07-07T18:55:49Z,ips=92.53.115.87|186.246.14.127|186.246.14.113,92.53.115.87_22=OK,92.53.115.87_443=OK,186.246.14.127_22=OK,186.246.14.127_443=OK,186.246.14.113_22=OK,186.246.14.113_443=OK
2026-07-07T19:00:59Z,ips=92.53.115.87|186.246.14.127|186.246.14.113,92.53.115.87_22=OK,92.53.115.87_443=OK,186.246.14.127_22=OK,186.246.14.127_443=OK,186.246.14.113_22=OK,186.246.14.113_443=OK
2026-07-07T19:05:42Z,ips=92.53.115.87|186.246.14.127|186.246.14.113,92.53.115.87_22=OK,92.53.115.87_443=OK,186.246.14.127_22=OK,186.246.14.127_443=OK,186.246.14.113_22=OK,186.246.14.113_443=OK
2026-07-07T19:10:40Z,ips=92.53.115.87|186.246.14.127|186.246.14.113,92.53.115.87_22=OK,92.53.115.87_443=OK,186.246.14.127_22=OK,186.246.14.127_443=OK,186.246.14.113_22=OK,186.246.14.113_443=OK
2026-07-07T19:15:41Z,ips=92.53.115.87|186.246.14.127|186.246.14.113,92.53.115.87_22=OK,92.53.115.87_443=OK,186.246.14.127_22=OK,186.246.14.127_443=OK,186.246.14.113_22=OK,186.246.14.113_443=OK
2026-07-07T19:20:52Z,ips=92.53.115.87|186.246.14.127|186.246.14.113,92.53.115.87_22=OK,92.53.115.87_443=OK,186.246.14.127_22=OK,186.246.14.127_443=OK,186.246.14.113_22=OK,186.246.14.113_443=OK
2026-07-07T19:25:31Z,ips=92.53.115.87|186.246.14.127|186.246.14.113,92.53.115.87_22=OK,92.53.115.87_443=OK,186.246.14.127_22=OK,186.246.14.127_443=OK,186.246.14.113_22=OK,186.246.14.113_443=OK
2026-07-07T19:30:35Z,ips=92.53.115.87|186.246.14.127|186.246.14.113,92.53.115.87_22=OK,92.53.115.87_443=OK,186.246.14.127_22=OK,186.246.14.127_443=OK,186.246.14.113_22=OK,186.246.14.113_443=OK
2026-07-07T19:35:34Z,ips=92.53.115.87|186.246.14.127|186.246.14.113,92.53.115.87_22=OK,92.53.115.87_443=OK,186.246.14.127_22=OK,186.246.14.127_443=OK,186.246.14.113_22=OK,186.246.14.113_443=OK
2026-07-07T19:40:33Z,ips=92.53.115.87|186.246.14.127|186.246.14.113,92.53.115.87_22=OK,92.53.115.87_443=OK,186.246.14.127_22=OK,186.246.14.127_443=OK,186.246.14.113_22=OK,186.246.14.113_443=OK
2026-07-07T19:45:32Z,ips=92.53.115.87|186.246.14.127|186.246.14.113,92.53.115.87_22=OK,92.53.115.87_443=OK,186.246.14.127_22=OK,186.246.14.127_443=OK,186.246.14.113_22=OK,186.246.14.113_443=OK
2026-07-07T19:50:30Z,ips=92.53.115.87|186.246.14.127|186.246.14.113,92.53.115.87_22=OK,92.53.115.87_443=OK,186.246.14.127_22=OK,186.246.14.127_443=OK,186.246.14.113_22=OK,186.246.14.113_443=OK
2026-07-07T19:55:48Z,ips=92.53.115.87|186.246.14.127|186.246.14.113,92.53.115.87_22=OK,92.53.115.87_443=OK,186.246.14.127_22=OK,186.246.14.127_443=OK,186.246.14.113_22=OK,186.246.14.113_443=OK
2026-07-07T20:00:52Z,ips=92.53.115.87|186.246.14.127|186.246.14.113,92.53.115.87_22=OK,92.53.115.87_443=OK,186.246.14.127_22=OK,186.246.14.127_443=OK,186.246.14.113_22=OK,186.246.14.113_443=OK
2026-07-07T20:05:23Z,ips=92.53.115.87|186.246.14.127|186.246.14.113,92.53.115.87_22=OK,92.53.115.87_443=OK,186.246.14.127_22=OK,186.246.14.127_443=OK,186.246.14.113_22=OK,186.246.14.113_443=OK
2026-07-07T20:10:45Z,ips=92.53.115.87|186.246.14.127|186.246.14.113,92.53.115.87_22=OK,92.53.115.87_443=OK,186.246.14.127_22=OK,186.246.14.127_443=OK,186.246.14.113_22=OK,186.246.14.113_443=OK
2026-07-07T20:15:47Z,ips=92.53.115.87|186.246.14.127|186.246.14.113,92.53.115.87_22=OK,92.53.115.87_443=OK,186.246.14.127_22=OK,186.246.14.127_443=OK,186.246.14.113_22=OK,186.246.14.113_443=OK
2026-07-07T20:20:47Z,ips=92.53.115.87|186.246.14.127|186.246.14.113,92.53.115.87_22=OK,92.53.115.87_443=OK,186.246.14.127_22=OK,186.246.14.127_443=OK,186.246.14.113_22=OK,186.246.14.113_443=OK
2026-07-07T20:25:45Z,ips=92.53.115.87|186.246.14.127|186.246.14.113,92.53.115.87_22=OK,92.53.115.87_443=OK,186.246.14.127_22=OK,186.246.14.127_443=OK,186.246.14.113_22=OK,186.246.14.113_443=OK
2026-07-07T20:30:33Z,ips=92.53.115.87|186.246.14.127|186.246.14.113,92.53.115.87_22=OK,92.53.115.87_443=OK,186.246.14.127_22=OK,186.246.14.127_443=OK,186.246.14.113_22=OK,186.246.14.113_443=OK
2026-07-07T20:35:41Z,ips=92.53.115.87|186.246.14.127|186.246.14.113,92.53.115.87_22=OK,92.53.115.87_443=OK,186.246.14.127_22=OK,186.246.14.127_443=OK,186.246.14.113_22=OK,186.246.14.113_443=OK
2026-07-07T20:40:40Z,ips=92.53.115.87|186.246.14.127|186.246.14.113,92.53.115.87_22=OK,92.53.115.87_443=OK,186.246.14.127_22=OK,186.246.14.127_443=OK,186.246.14.113_22=OK,186.246.14.113_443=OK
2026-07-07T20:45:38Z,ips=92.53.115.87|186.246.14.127|186.246.14.113,92.53.115.87_22=OK,92.53.115.87_443=OK,186.246.14.127_22=OK,186.246.14.127_443=OK,186.246.14.113_22=OK,186.246.14.113_443=OK
2026-07-07T20:50:36Z,ips=92.53.115.87|186.246.14.127|186.246.14.113,92.53.115.87_22=OK,92.53.115.87_443=OK,186.246.14.127_22=OK,186.246.14.127_443=OK,186.246.14.113_22=OK,186.246.14.113_443=OK
2026-07-07T20:55:32Z,ips=92.53.115.87|186.246.14.127|186.246.14.113,92.53.115.87_22=OK,92.53.115.87_443=OK,186.246.14.127_22=OK,186.246.14.127_443=OK,186.246.14.113_22=OK,186.246.14.113_443=OK
2026-07-07T21:00:41Z,ips=92.53.115.87|186.246.14.127|186.246.14.113,92.53.115.87_22=OK,92.53.115.87_443=OK,186.246.14.127_22=OK,186.246.14.127_443=OK,186.246.14.113_22=OK,186.246.14.113_443=OK
2026-07-07T21:05:41Z,ips=92.53.115.87|186.246.14.127|186.246.14.113,92.53.115.87_22=OK,92.53.115.87_443=OK,186.246.14.127_22=OK,186.246.14.127_443=OK,186.246.14.113_22=OK,186.246.14.113_443=OK
2026-07-07T21:10:38Z,ips=92.53.115.87|186.246.14.127|186.246.14.113,92.53.115.87_22=OK,92.53.115.87_443=OK,186.246.14.127_22=OK,186.246.14.127_443=OK,186.246.14.113_22=OK,186.246.14.113_443=OK
2026-07-07T21:15:37Z,ips=92.53.115.87|186.246.14.127|186.246.14.113,92.53.115.87_22=OK,92.53.115.87_443=OK,186.246.14.127_22=OK,186.246.14.127_443=OK,186.246.14.113_22=OK,186.246.14.113_443=OK
2026-07-07T21:20:45Z,ips=92.53.115.87|186.246.14.127|186.246.14.113,92.53.115.87_22=OK,92.53.115.87_443=OK,186.246.14.127_22=OK,186.246.14.127_443=OK,186.246.14.113_22=OK,186.246.14.113_443=OK
2026-07-07T21:25:41Z,ips=92.53.115.87|186.246.14.127|186.246.14.113,92.53.115.87_22=OK,92.53.115.87_443=OK,186.246.14.127_22=OK,186.246.14.127_443=OK,186.246.14.113_22=OK,186.246.14.113_443=OK
2026-07-07T21:30:58Z,ips=92.53.115.87|186.246.14.127|186.246.14.113,92.53.115.87_22=OK,92.53.115.87_443=OK,186.246.14.127_22=OK,186.246.14.127_443=OK,186.246.14.113_22=OK,186.246.14.113_443=OK
2026-07-07T21:35:28Z,ips=92.53.115.87|186.246.14.127|186.246.14.113,92.53.115.87_22=OK,92.53.115.87_443=OK,186.246.14.127_22=OK,186.246.14.127_443=OK,186.246.14.113_22=OK,186.246.14.113_443=OK
2026-07-07T21:40:29Z,ips=92.53.115.87|186.246.14.127|186.246.14.113,92.53.115.87_22=OK,92.53.115.87_443=OK,186.246.14.127_22=OK,186.246.14.127_443=OK,186.246.14.113_22=OK,186.246.14.113_443=OK
2026-07-07T21:45:31Z,ips=92.53.115.87|186.246.14.127|186.246.14.113,92.53.115.87_22=OK,92.53.115.87_443=OK,186.246.14.127_22=OK,186.246.14.127_443=OK,186.246.14.113_22=OK,186.246.14.113_443=OK
2026-07-07T21:50:32Z,ips=92.53.115.87|186.246.14.127|186.246.14.113,92.53.115.87_22=OK,92.53.115.87_443=OK,186.246.14.127_22=OK,186.246.14.127_443=OK,186.246.14.113_22=OK,186.246.14.113_443=OK
2026-07-07T21:55:32Z,ips=92.53.115.87|186.246.14.127|186.246.14.113,92.53.115.87_22=OK,92.53.115.87_443=OK,186.246.14.127_22=OK,186.246.14.127_443=OK,186.246.14.113_22=OK,186.246.14.113_443=OK
2026-07-07T22:00:37Z,ips=92.53.115.87|186.246.14.127|186.246.14.113,92.53.115.87_22=OK,92.53.115.87_443=OK,186.246.14.127_22=OK,186.246.14.127_443=OK,186.246.14.113_22=OK,186.246.14.113_443=OK
2026-07-07T22:05:39Z,ips=92.53.115.87|186.246.14.127|186.246.14.113,92.53.115.87_22=OK,92.53.115.87_443=OK,186.246.14.127_22=OK,186.246.14.127_443=OK,186.246.14.113_22=OK,186.246.14.113_443=OK
2026-07-07T22:10:51Z,ips=92.53.115.87|186.246.14.127|186.246.14.113,92.53.115.87_22=OK,92.53.115.87_443=OK,186.246.14.127_22=OK,186.246.14.127_443=OK,186.246.14.113_22=OK,186.246.14.113_443=OK
2026-07-07T22:15:34Z,ips=92.53.115.87|186.246.14.127|186.246.14.113,92.53.115.87_22=OK,92.53.115.87_443=OK,186.246.14.127_22=OK,186.246.14.127_443=OK,186.246.14.113_22=OK,186.246.14.113_443=OK
2026-07-07T22:20:27Z,ips=92.53.115.87|186.246.14.127|186.246.14.113,92.53.115.87_22=OK,92.53.115.87_443=OK,186.246.14.127_22=OK,186.246.14.127_443=OK,186.246.14.113_22=OK,186.246.14.113_443=OK
2026-07-07T22:25:23Z,ips=92.53.115.87|186.246.14.127|186.246.14.113,92.53.115.87_22=OK,92.53.115.87_443=OK,186.246.14.127_22=OK,186.246.14.127_443=OK,186.246.14.113_22=OK,186.246.14.113_443=OK
2026-07-07T22:30:39Z,ips=92.53.115.87|186.246.14.127|186.246.14.113,92.53.115.87_22=OK,92.53.115.87_443=OK,186.246.14.127_22=OK,186.246.14.127_443=OK,186.246.14.113_22=OK,186.246.14.113_443=OK
2026-07-07T22:35:35Z,ips=92.53.115.87|186.246.14.127|186.246.14.113,92.53.115.87_22=OK,92.53.115.87_443=OK,186.246.14.127_22=OK,186.246.14.127_443=OK,186.246.14.113_22=OK,186.246.14.113_443=OK
2026-07-07T22:40:42Z,ips=92.53.115.87|186.246.14.127|186.246.14.113,92.53.115.87_22=OK,92.53.115.87_443=OK,186.246.14.127_22=OK,186.246.14.127_443=OK,186.246.14.113_22=OK,186.246.14.113_443=OK
2026-07-07T22:45:40Z,ips=92.53.115.87|186.246.14.127|186.246.14.113,92.53.115.87_22=OK,92.53.115.87_443=OK,186.246.14.127_22=OK,186.246.14.127_443=OK,186.246.14.113_22=OK,186.246.14.113_443=OK
2026-07-07T22:50:35Z,ips=92.53.115.87|186.246.14.127|186.246.14.113,92.53.115.87_22=OK,92.53.115.87_443=OK,186.246.14.127_22=OK,186.246.14.127_443=OK,186.246.14.113_22=OK,186.246.14.113_443=OK
2026-07-07T22:55:29Z,ips=92.53.115.87|186.246.14.127|186.246.14.113,92.53.115.87_22=OK,92.53.115.87_443=OK,186.246.14.127_22=OK,186.246.14.127_443=OK,186.246.14.113_22=OK,186.246.14.113_443=OK
2026-07-07T23:00:46Z,ips=92.53.115.87|186.246.14.127|186.246.14.113,92.53.115.87_22=OK,92.53.115.87_443=OK,186.246.14.127_22=OK,186.246.14.127_443=OK,186.246.14.113_22=OK,186.246.14.113_443=OK
2026-07-07T23:05:43Z,ips=92.53.115.87|186.246.14.127|186.246.14.113,92.53.115.87_22=OK,92.53.115.87_443=OK,186.246.14.127_22=OK,186.246.14.127_443=OK,186.246.14.113_22=OK,186.246.14.113_443=OK
2026-07-07T23:10:39Z,ips=92.53.115.87|186.246.14.127|186.246.14.113,92.53.115.87_22=OK,92.53.115.87_443=OK,186.246.14.127_22=OK,186.246.14.127_443=OK,186.246.14.113_22=OK,186.246.14.113_443=OK
2026-07-07T23:15:37Z,ips=92.53.115.87|186.246.14.127|186.246.14.113,92.53.115.87_22=OK,92.53.115.87_443=OK,186.246.14.127_22=OK,186.246.14.127_443=OK,186.246.14.113_22=OK,186.246.14.113_443=OK
2026-07-07T23:20:33Z,ips=92.53.115.87|186.246.14.127|186.246.14.113,92.53.115.87_22=OK,92.53.115.87_443=OK,186.246.14.127_22=OK,186.246.14.127_443=OK,186.246.14.113_22=OK,186.246.14.113_443=OK
2026-07-07T23:25:39Z,ips=92.53.115.87|186.246.14.127|186.246.14.113,92.53.115.87_22=OK,92.53.115.87_443=OK,186.246.14.127_22=OK,186.246.14.127_443=OK,186.246.14.113_22=OK,186.246.14.113_443=OK
2026-07-07T23:30:33Z,ips=92.53.115.87|186.246.14.127|186.246.14.113,92.53.115.87_22=OK,92.53.115.87_443=OK,186.246.14.127_22=OK,186.246.14.127_443=OK,186.246.14.113_22=OK,186.246.14.113_443=OK
2026-07-07T23:35:41Z,ips=92.53.115.87|186.246.14.127|186.246.14.113,92.53.115.87_22=OK,92.53.115.87_443=OK,186.246.14.127_22=OK,186.246.14.127_443=OK,186.246.14.113_22=OK,186.246.14.113_443=OK
2026-07-07T23:40:38Z,ips=92.53.115.87|186.246.14.127|186.246.14.113,92.53.115.87_22=OK,92.53.115.87_443=OK,186.246.14.127_22=OK,186.246.14.127_443=OK,186.246.14.113_22=OK,186.246.14.113_443=OK
2026-07-07T23:45:25Z,ips=92.53.115.87|186.246.14.127|186.246.14.113,92.53.115.87_22=OK,92.53.115.87_443=OK,186.246.14.127_22=OK,186.246.14.127_443=OK,186.246.14.113_22=OK,186.246.14.113_443=OK
2026-07-07T23:50:21Z,ips=92.53.115.87|186.246.14.127|186.246.14.113,92.53.115.87_22=OK,92.53.115.87_443=OK,186.246.14.127_22=OK,186.246.14.127_443=OK,186.246.14.113_22=OK,186.246.14.113_443=OK
2026-07-07T23:55:47Z,ips=92.53.115.87|186.246.14.127|186.246.14.113,92.53.115.87_22=OK,92.53.115.87_443=OK,186.246.14.127_22=OK,186.246.14.127_443=OK,186.246.14.113_22=OK,186.246.14.113_443=OK
2026-07-08T00:00:58Z,ips=92.53.115.87|186.246.14.127|186.246.14.113,92.53.115.87_22=OK,92.53.115.87_443=OK,186.246.14.127_22=OK,186.246.14.127_443=OK,186.246.14.113_22=OK,186.246.14.113_443=OK
2026-07-08T00:05:31Z,ips=92.53.115.87|186.246.14.127|186.246.14.113,92.53.115.87_22=OK,92.53.115.87_443=OK,186.246.14.127_22=OK,186.246.14.127_443=OK,186.246.14.113_22=OK,186.246.14.113_443=OK
2026-07-08T00:10:40Z,ips=92.53.115.87|186.246.14.127|186.246.14.113,92.53.115.87_22=OK,92.53.115.87_443=OK,186.246.14.127_22=OK,186.246.14.127_443=OK,186.246.14.113_22=OK,186.246.14.113_443=OK
2026-07-08T00:15:50Z,ips=92.53.115.87|186.246.14.127|186.246.14.113,92.53.115.87_22=OK,92.53.115.87_443=OK,186.246.14.127_22=OK,186.246.14.127_443=OK,186.246.14.113_22=OK,186.246.14.113_443=OK
2026-07-08T00:20:48Z,ips=92.53.115.87|186.246.14.127|186.246.14.113,92.53.115.87_22=OK,92.53.115.87_443=OK,186.246.14.127_22=OK,186.246.14.127_443=OK,186.246.14.113_22=OK,186.246.14.113_443=OK
2026-07-08T00:25:44Z,ips=92.53.115.87|186.246.14.127|186.246.14.113,92.53.115.87_22=OK,92.53.115.87_443=OK,186.246.14.127_22=OK,186.246.14.127_443=OK,186.246.14.113_22=OK,186.246.14.113_443=OK
2026-07-08T00:30:46Z,ips=92.53.115.87|186.246.14.127|186.246.14.113,92.53.115.87_22=OK,92.53.115.87_443=OK,186.246.14.127_22=OK,186.246.14.127_443=OK,186.246.14.113_22=OK,186.246.14.113_443=OK
2026-07-08T00:35:43Z,ips=92.53.115.87|186.246.14.127|186.246.14.113,92.53.115.87_22=OK,92.53.115.87_443=OK,186.246.14.127_22=OK,186.246.14.127_443=OK,186.246.14.113_22=OK,186.246.14.113_443=OK
2026-07-08T00:40:39Z,ips=92.53.115.87|186.246.14.127|186.246.14.113,92.53.115.87_22=OK,92.53.115.87_443=OK,186.246.14.127_22=OK,186.246.14.127_443=OK,186.246.14.113_22=OK,186.246.14.113_443=OK
2026-07-08T00:45:36Z,ips=92.53.115.87|186.246.14.127|186.246.14.113,92.53.115.87_22=OK,92.53.115.87_443=OK,186.246.14.127_22=OK,186.246.14.127_443=OK,186.246.14.113_22=OK,186.246.14.113_443=OK
2026-07-08T00:50:43Z,ips=92.53.115.87|186.246.14.127|186.246.14.113,92.53.115.87_22=OK,92.53.115.87_443=OK,186.246.14.127_22=OK,186.246.14.127_443=OK,186.246.14.113_22=OK,186.246.14.113_443=OK
2026-07-08T00:55:47Z,ips=92.53.115.87|186.246.14.127|186.246.14.113,92.53.115.87_22=OK,92.53.115.87_443=OK,186.246.14.127_22=OK,186.246.14.127_443=OK,186.246.14.113_22=OK,186.246.14.113_443=OK
2026-07-08T01:00:39Z,ips=92.53.115.87|186.246.14.127|186.246.14.113,92.53.115.87_22=OK,92.53.115.87_443=OK,186.246.14.127_22=OK,186.246.14.127_443=OK,186.246.14.113_22=OK,186.246.14.113_443=OK
2026-07-08T01:05:38Z,ips=92.53.115.87|186.246.14.127|186.246.14.113,92.53.115.87_22=OK,92.53.115.87_443=OK,186.246.14.127_22=OK,186.246.14.127_443=OK,186.246.14.113_22=OK,186.246.14.113_443=OK
2026-07-08T01:10:45Z,ips=92.53.115.87|186.246.14.127|186.246.14.113,92.53.115.87_22=OK,92.53.115.87_443=OK,186.246.14.127_22=OK,186.246.14.127_443=OK,186.246.14.113_22=OK,186.246.14.113_443=OK
2026-07-08T01:15:23Z,ips=92.53.115.87|186.246.14.127|186.246.14.113,92.53.115.87_22=OK,92.53.115.87_443=OK,186.246.14.127_22=OK,186.246.14.127_443=OK,186.246.14.113_22=OK,186.246.14.113_443=OK
2026-07-08T01:20:42Z,ips=92.53.115.87|186.246.14.127|186.246.14.113,92.53.115.87_22=OK,92.53.115.87_443=OK,186.246.14.127_22=OK,186.246.14.127_443=OK,186.246.14.113_22=OK,186.246.14.113_443=OK
2026-07-08T01:25:37Z,ips=92.53.115.87|186.246.14.127|186.246.14.113,92.53.115.87_22=OK,92.53.115.87_443=OK,186.246.14.127_22=OK,186.246.14.127_443=OK,186.246.14.113_22=OK,186.246.14.113_443=OK
2026-07-08T01:30:38Z,ips=92.53.115.87|186.246.14.127|186.246.14.113,92.53.115.87_22=OK,92.53.115.87_443=OK,186.246.14.127_22=OK,186.246.14.127_443=OK,186.246.14.113_22=OK,186.246.14.113_443=OK
2026-07-08T01:35:34Z,ips=92.53.115.87|186.246.14.127|186.246.14.113,92.53.115.87_22=OK,92.53.115.87_443=OK,186.246.14.127_22=OK,186.246.14.127_443=OK,186.246.14.113_22=OK,186.246.14.113_443=OK
2026-07-08T01:40:31Z,ips=92.53.115.87|186.246.14.127|186.246.14.113,92.53.115.87_22=OK,92.53.115.87_443=OK,186.246.14.127_22=OK,186.246.14.127_443=OK,186.246.14.113_22=OK,186.246.14.113_443=OK
2026-07-08T01:45:29Z,ips=92.53.115.87|186.246.14.127|186.246.14.113,92.53.115.87_22=OK,92.53.115.87_443=OK,186.246.14.127_22=OK,186.246.14.127_443=OK,186.246.14.113_22=OK,186.246.14.113_443=OK
2026-07-08T01:50:25Z,ips=92.53.115.87|186.246.14.127|186.246.14.113,92.53.115.87_22=OK,92.53.115.87_443=OK,186.246.14.127_22=OK,186.246.14.127_443=OK,186.246.14.113_22=OK,186.246.14.113_443=OK
2026-07-08T01:55:20Z,ips=92.53.115.87|186.246.14.127|186.246.14.113,92.53.115.87_22=OK,92.53.115.87_443=OK,186.246.14.127_22=OK,186.246.14.127_443=OK,186.246.14.113_22=OK,186.246.14.113_443=OK
2026-07-08T02:00:58Z,ips=92.53.115.87|186.246.14.127|186.246.14.113,92.53.115.87_22=OK,92.53.115.87_443=OK,186.246.14.127_22=OK,186.246.14.127_443=OK,186.246.14.113_22=OK,186.246.14.113_443=OK
2026-07-08T02:05:26Z,ips=92.53.115.87|186.246.14.127|186.246.14.113,92.53.115.87_22=OK,92.53.115.87_443=OK,186.246.14.127_22=OK,186.246.14.127_443=OK,186.246.14.113_22=OK,186.246.14.113_443=OK
2026-07-08T02:10:23Z,ips=92.53.115.87|186.246.14.127|186.246.14.113,92.53.115.87_22=OK,92.53.115.87_443=OK,186.246.14.127_22=OK,186.246.14.127_443=OK,186.246.14.113_22=OK,186.246.14.113_443=OK
2026-07-08T02:15:37Z,ips=92.53.115.87|186.246.14.127|186.246.14.113,92.53.115.87_22=OK,92.53.115.87_443=OK,186.246.14.127_22=OK,186.246.14.127_443=OK,186.246.14.113_22=OK,186.246.14.113_443=OK
2026-07-08T02:20:35Z,ips=92.53.115.87|186.246.14.127|186.246.14.113,92.53.115.87_22=OK,92.53.115.87_443=OK,186.246.14.127_22=OK,186.246.14.127_443=OK,186.246.14.113_22=OK,186.246.14.113_443=OK
2026-07-08T02:25:29Z,ips=92.53.115.87|186.246.14.127|186.246.14.113,92.53.115.87_22=OK,92.53.115.87_443=OK,186.246.14.127_22=OK,186.246.14.127_443=OK,186.246.14.113_22=OK,186.246.14.113_443=OK
2026-07-08T02:30:42Z,ips=92.53.115.87|186.246.14.127|186.246.14.113,92.53.115.87_22=OK,92.53.115.87_443=OK,186.246.14.127_22=OK,186.246.14.127_443=OK,186.246.14.113_22=OK,186.246.14.113_443=OK
2026-07-08T02:35:49Z,ips=92.53.115.87|186.246.14.127|186.246.14.113,92.53.115.87_22=OK,92.53.115.87_443=OK,186.246.14.127_22=OK,186.246.14.127_443=OK,186.246.14.113_22=OK,186.246.14.113_443=OK
2026-07-08T02:40:45Z,ips=92.53.115.87|186.246.14.127|186.246.14.113,92.53.115.87_22=OK,92.53.115.87_443=OK,186.246.14.127_22=OK,186.246.14.127_443=OK,186.246.14.113_22=OK,186.246.14.113_443=OK
2026-07-08T02:45:26Z,ips=92.53.115.87|186.246.14.127|186.246.14.113,92.53.115.87_22=OK,92.53.115.87_443=OK,186.246.14.127_22=OK,186.246.14.127_443=OK,186.246.14.113_22=OK,186.246.14.113_443=OK
2026-07-08T02:50:22Z,ips=92.53.115.87|186.246.14.127|186.246.14.113,92.53.115.87_22=OK,92.53.115.87_443=OK,186.246.14.127_22=OK,186.246.14.127_443=OK,186.246.14.113_22=OK,186.246.14.113_443=OK
2026-07-08T02:55:48Z,ips=92.53.115.87|186.246.14.127|186.246.14.113,92.53.115.87_22=OK,92.53.115.87_443=OK,186.246.14.127_22=OK,186.246.14.127_443=OK,186.246.14.113_22=OK,186.246.14.113_443=OK
2026-07-08T03:00:58Z,ips=92.53.115.87|186.246.14.127|186.246.14.113,92.53.115.87_22=OK,92.53.115.87_443=OK,186.246.14.127_22=OK,186.246.14.127_443=OK,186.246.14.113_22=OK,186.246.14.113_443=OK
2026-07-08T03:05:38Z,ips=92.53.115.87|186.246.14.127|186.246.14.113,92.53.115.87_22=OK,92.53.115.87_443=OK,186.246.14.127_22=OK,186.246.14.127_443=OK,186.246.14.113_22=OK,186.246.14.113_443=OK
2026-07-08T03:10:35Z,ips=92.53.115.87|186.246.14.127|186.246.14.113,92.53.115.87_22=OK,92.53.115.87_443=OK,186.246.14.127_22=OK,186.246.14.127_443=OK,186.246.14.113_22=OK,186.246.14.113_443=OK
2026-07-08T03:15:42Z,ips=92.53.115.87|186.246.14.127|186.246.14.113,92.53.115.87_22=OK,92.53.115.87_443=OK,186.246.14.127_22=OK,186.246.14.127_443=OK,186.246.14.113_22=OK,186.246.14.113_443=OK
2026-07-08T03:20:23Z,ips=92.53.115.87|186.246.14.127|186.246.14.113,92.53.115.87_22=OK,92.53.115.87_443=OK,186.246.14.127_22=OK,186.246.14.127_443=OK,186.246.14.113_22=OK,186.246.14.113_443=OK
2026-07-08T03:25:34Z,ips=92.53.115.87|186.246.14.127|186.246.14.113,92.53.115.87_22=OK,92.53.115.87_443=OK,186.246.14.127_22=OK,186.246.14.127_443=OK,186.246.14.113_22=OK,186.246.14.113_443=OK
2026-07-08T03:30:40Z,ips=92.53.115.87|186.246.14.127|186.246.14.113,92.53.115.87_22=OK,92.53.115.87_443=OK,186.246.14.127_22=OK,186.246.14.127_443=OK,186.246.14.113_22=OK,186.246.14.113_443=OK
2026-07-08T03:35:36Z,ips=92.53.115.87|186.246.14.127|186.246.14.113,92.53.115.87_22=OK,92.53.115.87_443=OK,186.246.14.127_22=OK,186.246.14.127_443=OK,186.246.14.113_22=OK,186.246.14.113_443=OK
2026-07-08T03:40:46Z,ips=92.53.115.87|186.246.14.127|186.246.14.113,92.53.115.87_22=OK,92.53.115.87_443=OK,186.246.14.127_22=OK,186.246.14.127_443=OK,186.246.14.113_22=OK,186.246.14.113_443=OK
2026-07-08T03:45:44Z,ips=92.53.115.87|186.246.14.127|186.246.14.113,92.53.115.87_22=OK,92.53.115.87_443=OK,186.246.14.127_22=OK,186.246.14.127_443=OK,186.246.14.113_22=OK,186.246.14.113_443=OK
2026-07-08T03:50:42Z,ips=92.53.115.87|186.246.14.127|186.246.14.113,92.53.115.87_22=OK,92.53.115.87_443=OK,186.246.14.127_22=OK,186.246.14.127_443=OK,186.246.14.113_22=OK,186.246.14.113_443=OK
2026-07-08T03:55:48Z,ips=92.53.115.87|186.246.14.127|186.246.14.113,92.53.115.87_22=OK,92.53.115.87_443=OK,186.246.14.127_22=OK,186.246.14.127_443=OK,186.246.14.113_22=OK,186.246.14.113_443=OK
2026-07-08T04:00:59Z,ips=92.53.115.87|186.246.14.127|186.246.14.113,92.53.115.87_22=OK,92.53.115.87_443=OK,186.246.14.127_22=OK,186.246.14.127_443=OK,186.246.14.113_22=OK,186.246.14.113_443=OK
2026-07-08T04:05:40Z,ips=92.53.115.87|186.246.14.127|186.246.14.113,92.53.115.87_22=OK,92.53.115.87_443=OK,186.246.14.127_22=OK,186.246.14.127_443=OK,186.246.14.113_22=OK,186.246.14.113_443=OK
2026-07-08T04:10:39Z,ips=92.53.115.87|186.246.14.127|186.246.14.113,92.53.115.87_22=OK,92.53.115.87_443=OK,186.246.14.127_22=OK,186.246.14.127_443=OK,186.246.14.113_22=OK,186.246.14.113_443=OK
2026-07-08T04:15:49Z,ips=92.53.115.87|186.246.14.127|186.246.14.113,92.53.115.87_22=OK,92.53.115.87_443=OK,186.246.14.127_22=OK,186.246.14.127_443=OK,186.246.14.113_22=OK,186.246.14.113_443=OK
2026-07-08T04:20:34Z,ips=92.53.115.87|186.246.14.127|186.246.14.113,92.53.115.87_22=OK,92.53.115.87_443=OK,186.246.14.127_22=OK,186.246.14.127_443=OK,186.246.14.113_22=OK,186.246.14.113_443=OK
2026-07-08T04:25:42Z,ips=92.53.115.87|186.246.14.127|186.246.14.113,92.53.115.87_22=OK,92.53.115.87_443=OK,186.246.14.127_22=OK,186.246.14.127_443=OK,186.246.14.113_22=OK,186.246.14.113_443=OK
2026-07-08T04:30:58Z,ips=92.53.115.87|186.246.14.127|186.246.14.113,92.53.115.87_22=OK,92.53.115.87_443=OK,186.246.14.127_22=OK,186.246.14.127_443=OK,186.246.14.113_22=OK,186.246.14.113_443=OK
2026-07-08T04:35:41Z,ips=92.53.115.87|186.246.14.127|186.246.14.113,92.53.115.87_22=OK,92.53.115.87_443=OK,186.246.14.127_22=OK,186.246.14.127_443=OK,186.246.14.113_22=OK,186.246.14.113_443=OK
2026-07-08T04:40:43Z,ips=92.53.115.87|186.246.14.127|186.246.14.113,92.53.115.87_22=OK,92.53.115.87_443=OK,186.246.14.127_22=OK,186.246.14.127_443=OK,186.246.14.113_22=OK,186.246.14.113_443=OK
2026-07-08T04:45:48Z,ips=92.53.115.87|186.246.14.127|186.246.14.113,92.53.115.87_22=OK,92.53.115.87_443=OK,186.246.14.127_22=OK,186.246.14.127_443=OK,186.246.14.113_22=OK,186.246.14.113_443=OK
2026-07-08T04:50:51Z,ips=92.53.115.87|186.246.14.127|186.246.14.113,92.53.115.87_22=OK,92.53.115.87_443=OK,186.246.14.127_22=OK,186.246.14.127_443=OK,186.246.14.113_22=OK,186.246.14.113_443=OK
2026-07-08T04:55:21Z,ips=92.53.115.87|186.246.14.127|186.246.14.113,92.53.115.87_22=OK,92.53.115.87_443=OK,186.246.14.127_22=OK,186.246.14.127_443=OK,186.246.14.113_22=OK,186.246.14.113_443=OK
2026-07-08T05:01:08Z,ips=92.53.115.87|186.246.14.127|186.246.14.113,92.53.115.87_22=OK,92.53.115.87_443=OK,186.246.14.127_22=OK,186.246.14.127_443=OK,186.246.14.113_22=OK,186.246.14.113_443=OK
2026-07-08T05:05:44Z,ips=92.53.115.87|186.246.14.127|186.246.14.113,92.53.115.87_22=OK,92.53.115.87_443=OK,186.246.14.127_22=OK,186.246.14.127_443=OK,186.246.14.113_22=OK,186.246.14.113_443=OK
2026-07-08T05:10:48Z,ips=92.53.115.87|186.246.14.127|186.246.14.113,92.53.115.87_22=OK,92.53.115.87_443=OK,186.246.14.127_22=OK,186.246.14.127_443=OK,186.246.14.113_22=OK,186.246.14.113_443=OK
2026-07-08T05:15:51Z,ips=92.53.115.87|186.246.14.127|186.246.14.113,92.53.115.87_22=OK,92.53.115.87_443=OK,186.246.14.127_22=OK,186.246.14.127_443=OK,186.246.14.113_22=OK,186.246.14.113_443=OK
2026-07-08T05:20:53Z,ips=92.53.115.87|186.246.14.127|186.246.14.113,92.53.115.87_22=OK,92.53.115.87_443=OK,186.246.14.127_22=OK,186.246.14.127_443=OK,186.246.14.113_22=OK,186.246.14.113_443=OK
2026-07-08T05:25:23Z,ips=92.53.115.87|186.246.14.127|186.246.14.113,92.53.115.87_22=OK,92.53.115.87_443=OK,186.246.14.127_22=OK,186.246.14.127_443=OK,186.246.14.113_22=OK,186.246.14.113_443=OK
2026-07-08T05:30:30Z,ips=92.53.115.87|186.246.14.127|186.246.14.113,92.53.115.87_22=OK,92.53.115.87_443=OK,186.246.14.127_22=OK,186.246.14.127_443=OK,186.246.14.113_22=OK,186.246.14.113_443=OK
2026-07-08T05:35:42Z,ips=92.53.115.87|186.246.14.127|186.246.14.113,92.53.115.87_22=OK,92.53.115.87_443=OK,186.246.14.127_22=OK,186.246.14.127_443=OK,186.246.14.113_22=OK,186.246.14.113_443=OK
2026-07-08T05:40:44Z,ips=92.53.115.87|186.246.14.127|186.246.14.113,92.53.115.87_22=OK,92.53.115.87_443=OK,186.246.14.127_22=OK,186.246.14.127_443=OK,186.246.14.113_22=OK,186.246.14.113_443=OK
2026-07-08T05:45:49Z,ips=92.53.115.87|186.246.14.127|186.246.14.113,92.53.115.87_22=OK,92.53.115.87_443=OK,186.246.14.127_22=OK,186.246.14.127_443=OK,186.246.14.113_22=OK,186.246.14.113_443=OK
2026-07-08T05:50:43Z,ips=92.53.115.87|186.246.14.127|186.246.14.113,92.53.115.87_22=OK,92.53.115.87_443=OK,186.246.14.127_22=OK,186.246.14.127_443=OK,186.246.14.113_22=OK,186.246.14.113_443=OK
2026-07-08T05:55:44Z,ips=92.53.115.87|186.246.14.127|186.246.14.113,92.53.115.87_22=OK,92.53.115.87_443=OK,186.246.14.127_22=OK,186.246.14.127_443=OK,186.246.14.113_22=OK,186.246.14.113_443=OK
2026-07-08T06:01:01Z,ips=92.53.115.87|186.246.14.127|186.246.14.113,92.53.115.87_22=OK,92.53.115.87_443=OK,186.246.14.127_22=OK,186.246.14.127_443=OK,186.246.14.113_22=OK,186.246.14.113_443=OK
2026-07-08T06:05:39Z,ips=92.53.115.87|186.246.14.127|186.246.14.113,92.53.115.87_22=OK,92.53.115.87_443=OK,186.246.14.127_22=OK,186.246.14.127_443=OK,186.246.14.113_22=OK,186.246.14.113_443=OK
2026-07-08T06:10:44Z,ips=92.53.115.87|186.246.14.127|186.246.14.113,92.53.115.87_22=OK,92.53.115.87_443=OK,186.246.14.127_22=OK,186.246.14.127_443=OK,186.246.14.113_22=OK,186.246.14.113_443=OK
2026-07-08T06:15:51Z,ips=92.53.115.87|186.246.14.127|186.246.14.113,92.53.115.87_22=OK,92.53.115.87_443=OK,186.246.14.127_22=OK,186.246.14.127_443=OK,186.246.14.113_22=OK,186.246.14.113_443=OK
2026-07-08T06:20:25Z,ips=92.53.115.87|186.246.14.127|186.246.14.113,92.53.115.87_22=OK,92.53.115.87_443=OK,186.246.14.127_22=OK,186.246.14.127_443=OK,186.246.14.113_22=OK,186.246.14.113_443=OK
2026-07-08T06:25:28Z,ips=92.53.115.87|186.246.14.127|186.246.14.113,92.53.115.87_22=OK,92.53.115.87_443=OK,186.246.14.127_22=OK,186.246.14.127_443=OK,186.246.14.113_22=OK,186.246.14.113_443=OK
2026-07-08T06:30:37Z,ips=92.53.115.87|186.246.14.127|186.246.14.113,92.53.115.87_22=OK,92.53.115.87_443=OK,186.246.14.127_22=OK,186.246.14.127_443=OK,186.246.14.113_22=OK,186.246.14.113_443=OK
2026-07-08T06:35:42Z,ips=92.53.115.87|186.246.14.127|186.246.14.113,92.53.115.87_22=OK,92.53.115.87_443=OK,186.246.14.127_22=OK,186.246.14.127_443=OK,186.246.14.113_22=OK,186.246.14.113_443=OK
2026-07-08T06:40:45Z,ips=92.53.115.87|186.246.14.127|186.246.14.113,92.53.115.87_22=OK,92.53.115.87_443=OK,186.246.14.127_22=OK,186.246.14.127_443=OK,186.246.14.113_22=OK,186.246.14.113_443=OK
2026-07-08T06:45:48Z,ips=92.53.115.87|186.246.14.127|186.246.14.113,92.53.115.87_22=OK,92.53.115.87_443=OK,186.246.14.127_22=OK,186.246.14.127_443=OK,186.246.14.113_22=OK,186.246.14.113_443=OK
2026-07-08T06:50:50Z,ips=92.53.115.87|186.246.14.127|186.246.14.113,92.53.115.87_22=OK,92.53.115.87_443=OK,186.246.14.127_22=OK,186.246.14.127_443=OK,186.246.14.113_22=OK,186.246.14.113_443=OK
2026-07-08T06:55:50Z,ips=92.53.115.87|186.246.14.127|186.246.14.113,92.53.115.87_22=OK,92.53.115.87_443=OK,186.246.14.127_22=OK,186.246.14.127_443=OK,186.246.14.113_22=OK,186.246.14.113_443=OK
2026-07-08T07:00:57Z,ips=92.53.115.87|186.246.14.127|186.246.14.113,92.53.115.87_22=OK,92.53.115.87_443=OK,186.246.14.127_22=OK,186.246.14.127_443=OK,186.246.14.113_22=OK,186.246.14.113_443=OK
2026-07-08T07:05:35Z,ips=92.53.115.87|186.246.14.127|186.246.14.113,92.53.115.87_22=OK,92.53.115.87_443=OK,186.246.14.127_22=OK,186.246.14.127_443=OK,186.246.14.113_22=OK,186.246.14.113_443=OK
2026-07-08T07:10:39Z,ips=92.53.115.87|186.246.14.127|186.246.14.113,92.53.115.87_22=OK,92.53.115.87_443=OK,186.246.14.127_22=OK,186.246.14.127_443=OK,186.246.14.113_22=OK,186.246.14.113_443=OK
2026-07-08T07:15:47Z,ips=92.53.115.87|186.246.14.127|186.246.14.113,92.53.115.87_22=OK,92.53.115.87_443=OK,186.246.14.127_22=OK,186.246.14.127_443=OK,186.246.14.113_22=OK,186.246.14.113_443=OK
2026-07-08T07:20:53Z,ips=92.53.115.87|186.246.14.127|186.246.14.113,92.53.115.87_22=OK,92.53.115.87_443=OK,186.246.14.127_22=OK,186.246.14.127_443=OK,186.246.14.113_22=OK,186.246.14.113_443=OK
2026-07-08T07:25:27Z,ips=92.53.115.87|186.246.14.127|186.246.14.113,92.53.115.87_22=OK,92.53.115.87_443=OK,186.246.14.127_22=OK,186.246.14.127_443=OK,186.246.14.113_22=OK,186.246.14.113_443=OK
2026-07-08T07:30:40Z,ips=92.53.115.87|186.246.14.127|186.246.14.113,92.53.115.87_22=OK,92.53.115.87_443=OK,186.246.14.127_22=OK,186.246.14.127_443=OK,186.246.14.113_22=OK,186.246.14.113_443=OK
2026-07-08T07:35:39Z,ips=92.53.115.87|186.246.14.127|186.246.14.113,92.53.115.87_22=OK,92.53.115.87_443=OK,186.246.14.127_22=OK,186.246.14.127_443=OK,186.246.14.113_22=OK,186.246.14.113_443=OK
2026-07-08T07:40:48Z,ips=92.53.115.87|186.246.14.127|186.246.14.113,92.53.115.87_22=OK,92.53.115.87_443=OK,186.246.14.127_22=OK,186.246.14.127_443=OK,186.246.14.113_22=OK,186.246.14.113_443=OK
2026-07-08T07:45:27Z,ips=92.53.115.87|186.246.14.127|186.246.14.113,92.53.115.87_22=OK,92.53.115.87_443=OK,186.246.14.127_22=OK,186.246.14.127_443=OK,186.246.14.113_22=OK,186.246.14.113_443=OK
2026-07-08T07:50:34Z,ips=92.53.115.87|186.246.14.127|186.246.14.113,92.53.115.87_22=OK,92.53.115.87_443=OK,186.246.14.127_22=OK,186.246.14.127_443=OK,186.246.14.113_22=OK,186.246.14.113_443=OK
2026-07-08T07:55:51Z,ips=92.53.115.87|186.246.14.127|186.246.14.113,92.53.115.87_22=OK,92.53.115.87_443=OK,186.246.14.127_22=OK,186.246.14.127_443=OK,186.246.14.113_22=OK,186.246.14.113_443=OK
2026-07-08T08:00:41Z,ips=92.53.115.87|186.246.14.127|186.246.14.113,92.53.115.87_22=OK,92.53.115.87_443=OK,186.246.14.127_22=OK,186.246.14.127_443=OK,186.246.14.113_22=OK,186.246.14.113_443=OK
2026-07-08T08:05:38Z,ips=92.53.115.87|186.246.14.127|186.246.14.113,92.53.115.87_22=OK,92.53.115.87_443=OK,186.246.14.127_22=OK,186.246.14.127_443=OK,186.246.14.113_22=OK,186.246.14.113_443=OK
2026-07-08T08:10:47Z,ips=92.53.115.87|186.246.14.127|186.246.14.113,92.53.115.87_22=OK,92.53.115.87_443=OK,186.246.14.127_22=OK,186.246.14.127_443=OK,186.246.14.113_22=OK,186.246.14.113_443=OK
2026-07-08T08:15:41Z,ips=92.53.115.87|186.246.14.127|186.246.14.113,92.53.115.87_22=OK,92.53.115.87_443=OK,186.246.14.127_22=OK,186.246.14.127_443=OK,186.246.14.113_22=OK,186.246.14.113_443=OK
2026-07-08T08:20:30Z,ips=92.53.115.87|186.246.14.127|186.246.14.113,92.53.115.87_22=OK,92.53.115.87_443=OK,186.246.14.127_22=OK,186.246.14.127_443=OK,186.246.14.113_22=OK,186.246.14.113_443=OK
2026-07-08T08:25:27Z,ips=92.53.115.87|186.246.14.127|186.246.14.113,92.53.115.87_22=OK,92.53.115.87_443=OK,186.246.14.127_22=OK,186.246.14.127_443=OK,186.246.14.113_22=OK,186.246.14.113_443=OK
2026-07-08T08:30:40Z,ips=92.53.115.87|186.246.14.127|186.246.14.113,92.53.115.87_22=OK,92.53.115.87_443=OK,186.246.14.127_22=OK,186.246.14.127_443=OK,186.246.14.113_22=OK,186.246.14.113_443=OK
2026-07-08T08:35:49Z,ips=92.53.115.87|186.246.14.127|186.246.14.113,92.53.115.87_22=OK,92.53.115.87_443=OK,186.246.14.127_22=OK,186.246.14.127_443=OK,186.246.14.113_22=OK,186.246.14.113_443=OK
2026-07-08T08:40:28Z,ips=92.53.115.87|186.246.14.127|186.246.14.113,92.53.115.87_22=OK,92.53.115.87_443=OK,186.246.14.127_22=OK,186.246.14.127_443=OK,186.246.14.113_22=OK,186.246.14.113_443=OK
2026-07-08T08:45:53Z,ips=92.53.115.87|186.246.14.127|186.246.14.113,92.53.115.87_22=OK,92.53.115.87_443=OK,186.246.14.127_22=OK,186.246.14.127_443=OK,186.246.14.113_22=OK,186.246.14.113_443=OK
2026-07-08T08:50:37Z,ips=92.53.115.87|186.246.14.127|186.246.14.113,92.53.115.87_22=OK,92.53.115.87_443=OK,186.246.14.127_22=OK,186.246.14.127_443=OK,186.246.14.113_22=OK,186.246.14.113_443=OK
2026-07-08T08:55:49Z,ips=92.53.115.87|186.246.14.127|186.246.14.113,92.53.115.87_22=OK,92.53.115.87_443=OK,186.246.14.127_22=OK,186.246.14.127_443=OK,186.246.14.113_22=OK,186.246.14.113_443=OK
2026-07-08T09:00:46Z,ips=92.53.115.87|186.246.14.127|186.246.14.113,92.53.115.87_22=OK,92.53.115.87_443=OK,186.246.14.127_22=OK,186.246.14.127_443=OK,186.246.14.113_22=OK,186.246.14.113_443=OK
2026-07-08T09:05:42Z,ips=92.53.115.87|186.246.14.127|186.246.14.113,92.53.115.87_22=OK,92.53.115.87_443=OK,186.246.14.127_22=OK,186.246.14.127_443=OK,186.246.14.113_22=OK,186.246.14.113_443=OK
2026-07-08T09:10:46Z,ips=92.53.115.87|186.246.14.127|186.246.14.113,92.53.115.87_22=OK,92.53.115.87_443=OK,186.246.14.127_22=OK,186.246.14.127_443=OK,186.246.14.113_22=OK,186.246.14.113_443=OK
2026-07-08T09:15:41Z,ips=92.53.115.87|186.246.14.127|186.246.14.113,92.53.115.87_22=OK,92.53.115.87_443=OK,186.246.14.127_22=OK,186.246.14.127_443=OK,186.246.14.113_22=OK,186.246.14.113_443=OK
2026-07-08T09:20:50Z,ips=92.53.115.87|186.246.14.127|186.246.14.113,92.53.115.87_22=OK,92.53.115.87_443=OK,186.246.14.127_22=OK,186.246.14.127_443=OK,186.246.14.113_22=OK,186.246.14.113_443=OK
2026-07-08T09:25:37Z,ips=92.53.115.87|186.246.14.127|186.246.14.113,92.53.115.87_22=OK,92.53.115.87_443=OK,186.246.14.127_22=OK,186.246.14.127_443=OK,186.246.14.113_22=OK,186.246.14.113_443=OK
2026-07-08T09:30:51Z,ips=92.53.115.87|186.246.14.127|186.246.14.113,92.53.115.87_22=OK,92.53.115.87_443=OK,186.246.14.127_22=OK,186.246.14.127_443=OK,186.246.14.113_22=OK,186.246.14.113_443=OK
2026-07-08T09:35:29Z,ips=92.53.115.87|186.246.14.127|186.246.14.113,92.53.115.87_22=OK,92.53.115.87_443=OK,186.246.14.127_22=OK,186.246.14.127_443=OK,186.246.14.113_22=OK,186.246.14.113_443=OK
2026-07-08T09:40:38Z,ips=92.53.115.87|186.246.14.127|186.246.14.113,92.53.115.87_22=OK,92.53.115.87_443=OK,186.246.14.127_22=OK,186.246.14.127_443=OK,186.246.14.113_22=OK,186.246.14.113_443=OK
2026-07-08T09:45:50Z,ips=92.53.115.87|186.246.14.127|186.246.14.113,92.53.115.87_22=OK,92.53.115.87_443=OK,186.246.14.127_22=OK,186.246.14.127_443=OK,186.246.14.113_22=OK,186.246.14.113_443=OK
2026-07-08T09:50:28Z,ips=92.53.115.87|186.246.14.127|186.246.14.113,92.53.115.87_22=OK,92.53.115.87_443=OK,186.246.14.127_22=OK,186.246.14.127_443=OK,186.246.14.113_22=OK,186.246.14.113_443=OK
2026-07-08T09:55:36Z,ips=92.53.115.87|186.246.14.127|186.246.14.113,92.53.115.87_22=OK,92.53.115.87_443=OK,186.246.14.127_22=OK,186.246.14.127_443=OK,186.246.14.113_22=OK,186.246.14.113_443=OK
2026-07-08T10:00:59Z,ips=92.53.115.87|186.246.14.127|186.246.14.113,92.53.115.87_22=OK,92.53.115.87_443=OK,186.246.14.127_22=OK,186.246.14.127_443=OK,186.246.14.113_22=OK,186.246.14.113_443=OK
2026-07-08T10:05:41Z,ips=92.53.115.87|186.246.14.127|186.246.14.113,92.53.115.87_22=OK,92.53.115.87_443=OK,186.246.14.127_22=OK,186.246.14.127_443=OK,186.246.14.113_22=OK,186.246.14.113_443=OK
2026-07-08T10:10:52Z,ips=92.53.115.87|186.246.14.127|186.246.14.113,92.53.115.87_22=OK,92.53.115.87_443=OK,186.246.14.127_22=OK,186.246.14.127_443=OK,186.246.14.113_22=OK,186.246.14.113_443=OK
2026-07-08T10:15:46Z,ips=92.53.115.87|186.246.14.127|186.246.14.113,92.53.115.87_22=OK,92.53.115.87_443=OK,186.246.14.127_22=OK,186.246.14.127_443=OK,186.246.14.113_22=OK,186.246.14.113_443=OK
2026-07-08T10:20:41Z,ips=92.53.115.87|186.246.14.127|186.246.14.113,92.53.115.87_22=OK,92.53.115.87_443=OK,186.246.14.127_22=OK,186.246.14.127_443=OK,186.246.14.113_22=OK,186.246.14.113_443=OK
2026-07-08T10:25:52Z,ips=92.53.115.87|186.246.14.127|186.246.14.113,92.53.115.87_22=OK,92.53.115.87_443=OK,186.246.14.127_22=OK,186.246.14.127_443=OK,186.246.14.113_22=OK,186.246.14.113_443=OK
2026-07-08T10:30:50Z,ips=92.53.115.87|186.246.14.127|186.246.14.113,92.53.115.87_22=OK,92.53.115.87_443=OK,186.246.14.127_22=OK,186.246.14.127_443=OK,186.246.14.113_22=OK,186.246.14.113_443=OK
2026-07-08T10:35:27Z,ips=92.53.115.87|186.246.14.127|186.246.14.113,92.53.115.87_22=OK,92.53.115.87_443=OK,186.246.14.127_22=OK,186.246.14.127_443=OK,186.246.14.113_22=OK,186.246.14.113_443=OK
2026-07-08T10:40:37Z,ips=92.53.115.87|186.246.14.127|186.246.14.113,92.53.115.87_22=OK,92.53.115.87_443=OK,186.246.14.127_22=OK,186.246.14.127_443=OK,186.246.14.113_22=OK,186.246.14.113_443=OK
2026-07-08T10:45:27Z,ips=92.53.115.87|186.246.14.127|186.246.14.113,92.53.115.87_22=OK,92.53.115.87_443=OK,186.246.14.127_22=OK,186.246.14.127_443=OK,186.246.14.113_22=OK,186.246.14.113_443=OK
2026-07-08T10:50:46Z,ips=92.53.115.87|186.246.14.127|186.246.14.113,92.53.115.87_22=OK,92.53.115.87_443=OK,186.246.14.127_22=OK,186.246.14.127_443=OK,186.246.14.113_22=OK,186.246.14.113_443=OK
2026-07-08T10:55:23Z,ips=92.53.115.87|186.246.14.127|186.246.14.113,92.53.115.87_22=OK,92.53.115.87_443=OK,186.246.14.127_22=OK,186.246.14.127_443=OK,186.246.14.113_22=OK,186.246.14.113_443=OK
2026-07-08T11:00:54Z,ips=92.53.115.87|186.246.14.127|186.246.14.113,92.53.115.87_22=OK,92.53.115.87_443=OK,186.246.14.127_22=OK,186.246.14.127_443=OK,186.246.14.113_22=OK,186.246.14.113_443=OK
2026-07-08T11:05:35Z,ips=92.53.115.87|186.246.14.127|186.246.14.113,92.53.115.87_22=OK,92.53.115.87_443=OK,186.246.14.127_22=OK,186.246.14.127_443=OK,186.246.14.113_22=OK,186.246.14.113_443=OK
2026-07-08T11:10:49Z,ips=92.53.115.87|186.246.14.127|186.246.14.113,92.53.115.87_22=OK,92.53.115.87_443=OK,186.246.14.127_22=OK,186.246.14.127_443=OK,186.246.14.113_22=OK,186.246.14.113_443=OK
2026-07-08T11:15:34Z,ips=92.53.115.87|186.246.14.127|186.246.14.113,92.53.115.87_22=OK,92.53.115.87_443=OK,186.246.14.127_22=OK,186.246.14.127_443=OK,186.246.14.113_22=OK,186.246.14.113_443=OK
2026-07-08T11:20:55Z,ips=92.53.115.87|186.246.14.127|186.246.14.113,92.53.115.87_22=OK,92.53.115.87_443=OK,186.246.14.127_22=OK,186.246.14.127_443=OK,186.246.14.113_22=OK,186.246.14.113_443=OK
2026-07-08T11:25:30Z,ips=92.53.115.87|186.246.14.127|186.246.14.113,92.53.115.87_22=OK,92.53.115.87_443=OK,186.246.14.127_22=OK,186.246.14.127_443=OK,186.246.14.113_22=OK,186.246.14.113_443=OK
2026-07-08T11:30:56Z,ips=92.53.115.87|186.246.14.127|186.246.14.113,92.53.115.87_22=OK,92.53.115.87_443=OK,186.246.14.127_22=OK,186.246.14.127_443=OK,186.246.14.113_22=OK,186.246.14.113_443=OK
2026-07-08T11:35:35Z,ips=92.53.115.87|186.246.14.127|186.246.14.113,92.53.115.87_22=OK,92.53.115.87_443=OK,186.246.14.127_22=OK,186.246.14.127_443=OK,186.246.14.113_22=OK,186.246.14.113_443=OK
2026-07-08T11:40:27Z,ips=92.53.115.87|186.246.14.127|186.246.14.113,92.53.115.87_22=OK,92.53.115.87_443=OK,186.246.14.127_22=OK,186.246.14.127_443=OK,186.246.14.113_22=OK,186.246.14.113_443=OK
2026-07-08T11:45:33Z,ips=92.53.115.87|186.246.14.127|186.246.14.113,92.53.115.87_22=OK,92.53.115.87_443=OK,186.246.14.127_22=OK,186.246.14.127_443=OK,186.246.14.113_22=OK,186.246.14.113_443=OK
2026-07-08T11:50:47Z,ips=92.53.115.87|186.246.14.127|186.246.14.113,92.53.115.87_22=OK,92.53.115.87_443=OK,186.246.14.127_22=OK,186.246.14.127_443=OK,186.246.14.113_22=OK,186.246.14.113_443=OK
2026-07-08T11:55:36Z,ips=92.53.115.87|186.246.14.127|186.246.14.113,92.53.115.87_22=OK,92.53.115.87_443=OK,186.246.14.127_22=OK,186.246.14.127_443=OK,186.246.14.113_22=OK,186.246.14.113_443=OK
2026-07-08T12:00:59Z,ips=92.53.115.87|186.246.14.127|186.246.14.113,92.53.115.87_22=OK,92.53.115.87_443=OK,186.246.14.127_22=OK,186.246.14.127_443=OK,186.246.14.113_22=OK,186.246.14.113_443=OK
2026-07-08T12:05:52Z,ips=92.53.115.87|186.246.14.127|186.246.14.113,92.53.115.87_22=OK,92.53.115.87_443=OK,186.246.14.127_22=OK,186.246.14.127_443=OK,186.246.14.113_22=OK,186.246.14.113_443=OK
2026-07-08T12:10:32Z,ips=92.53.115.87|186.246.14.127|186.246.14.113,92.53.115.87_22=OK,92.53.115.87_443=OK,186.246.14.127_22=OK,186.246.14.127_443=OK,186.246.14.113_22=OK,186.246.14.113_443=OK
2026-07-08T12:15:45Z,ips=92.53.115.87|186.246.14.127|186.246.14.113,92.53.115.87_22=OK,92.53.115.87_443=OK,186.246.14.127_22=OK,186.246.14.127_443=OK,186.246.14.113_22=OK,186.246.14.113_443=OK
2026-07-08T12:20:30Z,ips=92.53.115.87|186.246.14.127|186.246.14.113,92.53.115.87_22=OK,92.53.115.87_443=OK,186.246.14.127_22=OK,186.246.14.127_443=OK,186.246.14.113_22=OK,186.246.14.113_443=OK
2026-07-08T12:25:42Z,ips=92.53.115.87|186.246.14.127|186.246.14.113,92.53.115.87_22=OK,92.53.115.87_443=OK,186.246.14.127_22=OK,186.246.14.127_443=OK,186.246.14.113_22=OK,186.246.14.113_443=OK
2026-07-08T12:31:02Z,ips=92.53.115.87|186.246.14.127|186.246.14.113,92.53.115.87_22=OK,92.53.115.87_443=OK,186.246.14.127_22=OK,186.246.14.127_443=OK,186.246.14.113_22=OK,186.246.14.113_443=OK
2026-07-08T12:35:46Z,ips=92.53.115.87|186.246.14.127|186.246.14.113,92.53.115.87_22=OK,92.53.115.87_443=OK,186.246.14.127_22=OK,186.246.14.127_443=OK,186.246.14.113_22=OK,186.246.14.113_443=OK
2026-07-08T12:40:42Z,ips=92.53.115.87|186.246.14.127|186.246.14.113,92.53.115.87_22=OK,92.53.115.87_443=OK,186.246.14.127_22=OK,186.246.14.127_443=OK,186.246.14.113_22=OK,186.246.14.113_443=OK
2026-07-08T12:45:27Z,ips=92.53.115.87|186.246.14.127|186.246.14.113,92.53.115.87_22=OK,92.53.115.87_443=OK,186.246.14.127_22=OK,186.246.14.127_443=OK,186.246.14.113_22=OK,186.246.14.113_443=OK
2026-07-08T12:50:52Z,ips=92.53.115.87|186.246.14.127|186.246.14.113,92.53.115.87_22=OK,92.53.115.87_443=OK,186.246.14.127_22=OK,186.246.14.127_443=OK,186.246.14.113_22=OK,186.246.14.113_443=OK
2026-07-08T12:55:42Z,ips=92.53.115.87|186.246.14.127|186.246.14.113,92.53.115.87_22=OK,92.53.115.87_443=OK,186.246.14.127_22=OK,186.246.14.127_443=OK,186.246.14.113_22=OK,186.246.14.113_443=OK
2026-07-08T13:00:49Z,ips=92.53.115.87|186.246.14.127|186.246.14.113,92.53.115.87_22=OK,92.53.115.87_443=OK,186.246.14.127_22=OK,186.246.14.127_443=OK,186.246.14.113_22=OK,186.246.14.113_443=OK
2026-07-08T13:05:31Z,ips=92.53.115.87|186.246.14.127|186.246.14.113,92.53.115.87_22=OK,92.53.115.87_443=OK,186.246.14.127_22=OK,186.246.14.127_443=OK,186.246.14.113_22=OK,186.246.14.113_443=OK
2026-07-08T13:10:42Z,ips=92.53.115.87|186.246.14.127|186.246.14.113,92.53.115.87_22=OK,92.53.115.87_443=OK,186.246.14.127_22=OK,186.246.14.127_443=OK,186.246.14.113_22=OK,186.246.14.113_443=OK
2026-07-08T13:15:52Z,ips=92.53.115.87|186.246.14.127|186.246.14.113,92.53.115.87_22=OK,92.53.115.87_443=OK,186.246.14.127_22=OK,186.246.14.127_443=OK,186.246.14.113_22=OK,186.246.14.113_443=OK
2026-07-08T13:20:46Z,ips=92.53.115.87|186.246.14.127|186.246.14.113,92.53.115.87_22=OK,92.53.115.87_443=OK,186.246.14.127_22=OK,186.246.14.127_443=OK,186.246.14.113_22=OK,186.246.14.113_443=OK
2026-07-08T13:25:40Z,ips=92.53.115.87|186.246.14.127|186.246.14.113,92.53.115.87_22=OK,92.53.115.87_443=OK,186.246.14.127_22=OK,186.246.14.127_443=OK,186.246.14.113_22=OK,186.246.14.113_443=OK
2026-07-08T13:30:51Z,ips=92.53.115.87|186.246.14.127|186.246.14.113,92.53.115.87_22=OK,92.53.115.87_443=OK,186.246.14.127_22=OK,186.246.14.127_443=OK,186.246.14.113_22=OK,186.246.14.113_443=OK
2026-07-08T13:35:34Z,ips=92.53.115.87|186.246.14.127|186.246.14.113,92.53.115.87_22=OK,92.53.115.87_443=OK,186.246.14.127_22=OK,186.246.14.127_443=OK,186.246.14.113_22=OK,186.246.14.113_443=OK
2026-07-08T13:40:51Z,ips=92.53.115.87|186.246.14.127|186.246.14.113,92.53.115.87_22=OK,92.53.115.87_443=OK,186.246.14.127_22=OK,186.246.14.127_443=OK,186.246.14.113_22=OK,186.246.14.113_443=OK
2026-07-08T13:45:43Z,ips=92.53.115.87|186.246.14.127|186.246.14.113,92.53.115.87_22=OK,92.53.115.87_443=OK,186.246.14.127_22=OK,186.246.14.127_443=OK,186.246.14.113_22=OK,186.246.14.113_443=OK
2026-07-08T13:50:54Z,ips=92.53.115.87|186.246.14.127|186.246.14.113,92.53.115.87_22=OK,92.53.115.87_443=OK,186.246.14.127_22=OK,186.246.14.127_443=OK,186.246.14.113_22=OK,186.246.14.113_443=OK
2026-07-08T13:55:31Z,ips=92.53.115.87|186.246.14.127|186.246.14.113,92.53.115.87_22=OK,92.53.115.87_443=OK,186.246.14.127_22=OK,186.246.14.127_443=OK,186.246.14.113_22=OK,186.246.14.113_443=OK
2026-07-08T14:00:54Z,ips=92.53.115.87|186.246.14.127|186.246.14.113,92.53.115.87_22=OK,92.53.115.87_443=OK,186.246.14.127_22=OK,186.246.14.127_443=OK,186.246.14.113_22=OK,186.246.14.113_443=OK
2026-07-08T14:05:45Z,ips=92.53.115.87|186.246.14.127|186.246.14.113,92.53.115.87_22=OK,92.53.115.87_443=OK,186.246.14.127_22=OK,186.246.14.127_443=OK,186.246.14.113_22=OK,186.246.14.113_443=OK
2026-07-08T14:10:55Z,ips=92.53.115.87|186.246.14.127|186.246.14.113,92.53.115.87_22=OK,92.53.115.87_443=OK,186.246.14.127_22=OK,186.246.14.127_443=OK,186.246.14.113_22=OK,186.246.14.113_443=OK
2026-07-08T14:15:46Z,ips=92.53.115.87|186.246.14.127|186.246.14.113,92.53.115.87_22=OK,92.53.115.87_443=OK,186.246.14.127_22=OK,186.246.14.127_443=OK,186.246.14.113_22=OK,186.246.14.113_443=OK
2026-07-08T14:20:55Z,ips=92.53.115.87|186.246.14.127|186.246.14.113,92.53.115.87_22=OK,92.53.115.87_443=OK,186.246.14.127_22=OK,186.246.14.127_443=OK,186.246.14.113_22=OK,186.246.14.113_443=OK
2026-07-08T14:25:31Z,ips=92.53.115.87|186.246.14.127|186.246.14.113,92.53.115.87_22=OK,92.53.115.87_443=OK,186.246.14.127_22=OK,186.246.14.127_443=OK,186.246.14.113_22=OK,186.246.14.113_443=OK
2026-07-08T14:30:46Z,ips=92.53.115.87|186.246.14.127|186.246.14.113,92.53.115.87_22=OK,92.53.115.87_443=OK,186.246.14.127_22=OK,186.246.14.127_443=OK,186.246.14.113_22=OK,186.246.14.113_443=OK
2026-07-08T14:35:23Z,ips=92.53.115.87|186.246.14.127|186.246.14.113,92.53.115.87_22=OK,92.53.115.87_443=OK,186.246.14.127_22=OK,186.246.14.127_443=OK,186.246.14.113_22=OK,186.246.14.113_443=OK
2026-07-08T14:40:31Z,ips=92.53.115.87|186.246.14.127|186.246.14.113,92.53.115.87_22=OK,92.53.115.87_443=OK,186.246.14.127_22=OK,186.246.14.127_443=OK,186.246.14.113_22=OK,186.246.14.113_443=OK
2026-07-08T14:45:52Z,ips=92.53.115.87|186.246.14.127|186.246.14.113,92.53.115.87_22=OK,92.53.115.87_443=OK,186.246.14.127_22=OK,186.246.14.127_443=OK,186.246.14.113_22=OK,186.246.14.113_443=OK
2026-07-08T14:50:30Z,ips=92.53.115.87|186.246.14.127|186.246.14.113,92.53.115.87_22=OK,92.53.115.87_443=OK,186.246.14.127_22=OK,186.246.14.127_443=OK,186.246.14.113_22=OK,186.246.14.113_443=OK
2026-07-08T14:55:37Z,ips=92.53.115.87|186.246.14.127|186.246.14.113,92.53.115.87_22=OK,92.53.115.87_443=OK,186.246.14.127_22=OK,186.246.14.127_443=OK,186.246.14.113_22=OK,186.246.14.113_443=OK
2026-07-08T15:00:59Z,ips=92.53.115.87|186.246.14.127|186.246.14.113,92.53.115.87_22=OK,92.53.115.87_443=OK,186.246.14.127_22=OK,186.246.14.127_443=OK,186.246.14.113_22=OK,186.246.14.113_443=OK
2026-07-08T15:05:39Z,ips=92.53.115.87|186.246.14.127|186.246.14.113,92.53.115.87_22=OK,92.53.115.87_443=OK,186.246.14.127_22=OK,186.246.14.127_443=OK,186.246.14.113_22=OK,186.246.14.113_443=OK
2026-07-08T15:10:49Z,ips=92.53.115.87|186.246.14.127|186.246.14.113,92.53.115.87_22=OK,92.53.115.87_443=OK,186.246.14.127_22=OK,186.246.14.127_443=OK,186.246.14.113_22=OK,186.246.14.113_443=OK
2026-07-08T15:15:28Z,ips=92.53.115.87|186.246.14.127|186.246.14.113,92.53.115.87_22=OK,92.53.115.87_443=OK,186.246.14.127_22=OK,186.246.14.127_443=OK,186.246.14.113_22=OK,186.246.14.113_443=OK
2026-07-08T15:20:37Z,ips=92.53.115.87|186.246.14.127|186.246.14.113,92.53.115.87_22=OK,92.53.115.87_443=OK,186.246.14.127_22=OK,186.246.14.127_443=OK,186.246.14.113_22=OK,186.246.14.113_443=OK
2026-07-08T15:25:43Z,ips=92.53.115.87|186.246.14.127|186.246.14.113,92.53.115.87_22=OK,92.53.115.87_443=OK,186.246.14.127_22=OK,186.246.14.127_443=OK,186.246.14.113_22=OK,186.246.14.113_443=OK
2026-07-08T15:30:55Z,ips=92.53.115.87|186.246.14.127|186.246.14.113,92.53.115.87_22=OK,92.53.115.87_443=OK,186.246.14.127_22=OK,186.246.14.127_443=OK,186.246.14.113_22=OK,186.246.14.113_443=OK
2026-07-08T15:35:42Z,ips=92.53.115.87|186.246.14.127|186.246.14.113,92.53.115.87_22=OK,92.53.115.87_443=OK,186.246.14.127_22=OK,186.246.14.127_443=OK,186.246.14.113_22=OK,186.246.14.113_443=OK
2026-07-08T15:40:49Z,ips=92.53.115.87|186.246.14.127|186.246.14.113,92.53.115.87_22=OK,92.53.115.87_443=OK,186.246.14.127_22=OK,186.246.14.127_443=OK,186.246.14.113_22=OK,186.246.14.113_443=OK
2026-07-08T15:45:28Z,ips=92.53.115.87|186.246.14.127|186.246.14.113,92.53.115.87_22=OK,92.53.115.87_443=OK,186.246.14.127_22=OK,186.246.14.127_443=OK,186.246.14.113_22=OK,186.246.14.113_443=OK
2026-07-08T15:50:35Z,ips=92.53.115.87|186.246.14.127|186.246.14.113,92.53.115.87_22=OK,92.53.115.87_443=OK,186.246.14.127_22=OK,186.246.14.127_443=OK,186.246.14.113_22=OK,186.246.14.113_443=OK
2026-07-08T15:55:40Z,ips=92.53.115.87|186.246.14.127|186.246.14.113,92.53.115.87_22=OK,92.53.115.87_443=OK,186.246.14.127_22=OK,186.246.14.127_443=OK,186.246.14.113_22=OK,186.246.14.113_443=OK
2026-07-08T16:00:59Z,ips=92.53.115.87|186.246.14.127|186.246.14.113,92.53.115.87_22=OK,92.53.115.87_443=OK,186.246.14.127_22=OK,186.246.14.127_443=OK,186.246.14.113_22=OK,186.246.14.113_443=OK
2026-07-08T16:05:38Z,ips=92.53.115.87|186.246.14.127|186.246.14.113,92.53.115.87_22=OK,92.53.115.87_443=OK,186.246.14.127_22=OK,186.246.14.127_443=OK,186.246.14.113_22=OK,186.246.14.113_443=OK
2026-07-08T16:10:44Z,ips=92.53.115.87|186.246.14.127|186.246.14.113,92.53.115.87_22=OK,92.53.115.87_443=OK,186.246.14.127_22=OK,186.246.14.127_443=OK,186.246.14.113_22=OK,186.246.14.113_443=OK
2026-07-08T16:15:55Z,ips=92.53.115.87|186.246.14.127|186.246.14.113,92.53.115.87_22=OK,92.53.115.87_443=OK,186.246.14.127_22=OK,186.246.14.127_443=OK,186.246.14.113_22=OK,186.246.14.113_443=OK
2026-07-08T16:20:37Z,ips=92.53.115.87|186.246.14.127|186.246.14.113,92.53.115.87_22=OK,92.53.115.87_443=OK,186.246.14.127_22=OK,186.246.14.127_443=OK,186.246.14.113_22=OK,186.246.14.113_443=OK
2026-07-08T16:25:24Z,ips=92.53.115.87|186.246.14.127|186.246.14.113,92.53.115.87_22=OK,92.53.115.87_443=OK,186.246.14.127_22=OK,186.246.14.127_443=OK,186.246.14.113_22=OK,186.246.14.113_443=OK
2026-07-08T16:30:39Z,ips=92.53.115.87|186.246.14.127|186.246.14.113,92.53.115.87_22=OK,92.53.115.87_443=OK,186.246.14.127_22=OK,186.246.14.127_443=OK,186.246.14.113_22=OK,186.246.14.113_443=OK
2026-07-08T16:35:49Z,ips=92.53.115.87|186.246.14.127|186.246.14.113,92.53.115.87_22=OK,92.53.115.87_443=OK,186.246.14.127_22=OK,186.246.14.127_443=OK,186.246.14.113_22=OK,186.246.14.113_443=OK
2026-07-08T16:40:29Z,ips=92.53.115.87|186.246.14.127|186.246.14.113,92.53.115.87_22=OK,92.53.115.87_443=OK,186.246.14.127_22=OK,186.246.14.127_443=OK,186.246.14.113_22=OK,186.246.14.113_443=OK
2026-07-08T16:45:41Z,ips=92.53.115.87|186.246.14.127|186.246.14.113,92.53.115.87_22=OK,92.53.115.87_443=OK,186.246.14.127_22=OK,186.246.14.127_443=OK,186.246.14.113_22=OK,186.246.14.113_443=OK
2026-07-08T16:50:30Z,ips=92.53.115.87|186.246.14.127|186.246.14.113,92.53.115.87_22=OK,92.53.115.87_443=OK,186.246.14.127_22=OK,186.246.14.127_443=OK,186.246.14.113_22=OK,186.246.14.113_443=OK
2026-07-08T16:55:38Z,ips=92.53.115.87|186.246.14.127|186.246.14.113,92.53.115.87_22=OK,92.53.115.87_443=OK,186.246.14.127_22=OK,186.246.14.127_443=OK,186.246.14.113_22=OK,186.246.14.113_443=OK
2026-07-08T17:00:42Z,ips=92.53.115.87|186.246.14.127|186.246.14.113,92.53.115.87_22=OK,92.53.115.87_443=OK,186.246.14.127_22=OK,186.246.14.127_443=OK,186.246.14.113_22=OK,186.246.14.113_443=OK
2026-07-08T17:05:24Z,ips=92.53.115.87|186.246.14.127|186.246.14.113,92.53.115.87_22=OK,92.53.115.87_443=OK,186.246.14.127_22=OK,186.246.14.127_443=OK,186.246.14.113_22=OK,186.246.14.113_443=OK
2026-07-08T17:10:44Z,ips=92.53.115.87|186.246.14.127|186.246.14.113,92.53.115.87_22=OK,92.53.115.87_443=OK,186.246.14.127_22=OK,186.246.14.127_443=OK,186.246.14.113_22=OK,186.246.14.113_443=OK
2026-07-08T17:15:34Z,ips=92.53.115.87|186.246.14.127|186.246.14.113,92.53.115.87_22=OK,92.53.115.87_443=OK,186.246.14.127_22=OK,186.246.14.127_443=OK,186.246.14.113_22=OK,186.246.14.113_443=OK
2026-07-08T17:20:44Z,ips=92.53.115.87|186.246.14.127|186.246.14.113,92.53.115.87_22=OK,92.53.115.87_443=OK,186.246.14.127_22=OK,186.246.14.127_443=OK,186.246.14.113_22=OK,186.246.14.113_443=OK
2026-07-08T17:25:50Z,ips=92.53.115.87|186.246.14.127|186.246.14.113,92.53.115.87_22=OK,92.53.115.87_443=OK,186.246.14.127_22=OK,186.246.14.127_443=OK,186.246.14.113_22=OK,186.246.14.113_443=OK
2026-07-08T17:30:32Z,ips=92.53.115.87|186.246.14.127|186.246.14.113,92.53.115.87_22=OK,92.53.115.87_443=OK,186.246.14.127_22=OK,186.246.14.127_443=OK,186.246.14.113_22=OK,186.246.14.113_443=OK
2026-07-08T17:35:36Z,ips=92.53.115.87|186.246.14.127|186.246.14.113,92.53.115.87_22=OK,92.53.115.87_443=OK,186.246.14.127_22=OK,186.246.14.127_443=OK,186.246.14.113_22=OK,186.246.14.113_443=OK
2026-07-08T17:40:39Z,ips=92.53.115.87|186.246.14.127|186.246.14.113,92.53.115.87_22=OK,92.53.115.87_443=OK,186.246.14.127_22=OK,186.246.14.127_443=OK,186.246.14.113_22=OK,186.246.14.113_443=OK
2026-07-08T17:45:54Z,ips=92.53.115.87|186.246.14.127|186.246.14.113,92.53.115.87_22=OK,92.53.115.87_443=OK,186.246.14.127_22=OK,186.246.14.127_443=OK,186.246.14.113_22=OK,186.246.14.113_443=OK
2026-07-08T17:50:26Z,ips=92.53.115.87|186.246.14.127|186.246.14.113,92.53.115.87_22=OK,92.53.115.87_443=OK,186.246.14.127_22=OK,186.246.14.127_443=OK,186.246.14.113_22=OK,186.246.14.113_443=OK
2026-07-08T17:55:38Z,ips=92.53.115.87|186.246.14.127|186.246.14.113,92.53.115.87_22=OK,92.53.115.87_443=OK,186.246.14.127_22=OK,186.246.14.127_443=OK,186.246.14.113_22=OK,186.246.14.113_443=OK
2026-07-08T18:00:55Z,ips=92.53.115.87|186.246.14.127|186.246.14.113,92.53.115.87_22=OK,92.53.115.87_443=OK,186.246.14.127_22=OK,186.246.14.127_443=OK,186.246.14.113_22=OK,186.246.14.113_443=OK
2026-07-08T18:05:41Z,ips=92.53.115.87|186.246.14.127|186.246.14.113,92.53.115.87_22=OK,92.53.115.87_443=OK,186.246.14.127_22=OK,186.246.14.127_443=OK,186.246.14.113_22=OK,186.246.14.113_443=OK
2026-07-08T18:10:40Z,ips=92.53.115.87|186.246.14.127|186.246.14.113,92.53.115.87_22=OK,92.53.115.87_443=OK,186.246.14.127_22=OK,186.246.14.127_443=OK,186.246.14.113_22=OK,186.246.14.113_443=OK
2026-07-08T18:15:40Z,ips=92.53.115.87|186.246.14.127|186.246.14.113,92.53.115.87_22=OK,92.53.115.87_443=OK,186.246.14.127_22=OK,186.246.14.127_443=OK,186.246.14.113_22=OK,186.246.14.113_443=OK
2026-07-08T18:20:40Z,ips=92.53.115.87|186.246.14.127|186.246.14.113,92.53.115.87_22=OK,92.53.115.87_443=OK,186.246.14.127_22=OK,186.246.14.127_443=OK,186.246.14.113_22=OK,186.246.14.113_443=OK
2026-07-08T18:25:37Z,ips=92.53.115.87|186.246.14.127|186.246.14.113,92.53.115.87_22=OK,92.53.115.87_443=OK,186.246.14.127_22=OK,186.246.14.127_443=OK,186.246.14.113_22=OK,186.246.14.113_443=OK
2026-07-08T18:30:40Z,ips=92.53.115.87|186.246.14.127|186.246.14.113,92.53.115.87_22=OK,92.53.115.87_443=OK,186.246.14.127_22=OK,186.246.14.127_443=OK,186.246.14.113_22=OK,186.246.14.113_443=OK
2026-07-08T18:35:38Z,ips=92.53.115.87|186.246.14.127|186.246.14.113,92.53.115.87_22=OK,92.53.115.87_443=OK,186.246.14.127_22=OK,186.246.14.127_443=OK,186.246.14.113_22=OK,186.246.14.113_443=OK
2026-07-08T18:40:46Z,ips=92.53.115.87|186.246.14.127|186.246.14.113,92.53.115.87_22=OK,92.53.115.87_443=OK,186.246.14.127_22=OK,186.246.14.127_443=OK,186.246.14.113_22=OK,186.246.14.113_443=OK
2026-07-08T18:45:45Z,ips=92.53.115.87|186.246.14.127|186.246.14.113,92.53.115.87_22=OK,92.53.115.87_443=OK,186.246.14.127_22=OK,186.246.14.127_443=OK,186.246.14.113_22=OK,186.246.14.113_443=OK
2026-07-08T18:50:42Z,ips=92.53.115.87|186.246.14.127|186.246.14.113,92.53.115.87_22=OK,92.53.115.87_443=OK,186.246.14.127_22=OK,186.246.14.127_443=OK,186.246.14.113_22=OK,186.246.14.113_443=OK
2026-07-08T18:55:38Z,ips=92.53.115.87|186.246.14.127|186.246.14.113,92.53.115.87_22=OK,92.53.115.87_443=OK,186.246.14.127_22=OK,186.246.14.127_443=OK,186.246.14.113_22=OK,186.246.14.113_443=OK
2026-07-08T19:00:58Z,ips=92.53.115.87|186.246.14.127|186.246.14.113,92.53.115.87_22=OK,92.53.115.87_443=OK,186.246.14.127_22=OK,186.246.14.127_443=OK,186.246.14.113_22=OK,186.246.14.113_443=OK
2026-07-08T19:05:28Z,ips=92.53.115.87|186.246.14.127|186.246.14.113,92.53.115.87_22=OK,92.53.115.87_443=OK,186.246.14.127_22=OK,186.246.14.127_443=OK,186.246.14.113_22=OK,186.246.14.113_443=OK
2026-07-08T19:10:27Z,ips=92.53.115.87|186.246.14.127|186.246.14.113,92.53.115.87_22=OK,92.53.115.87_443=OK,186.246.14.127_22=OK,186.246.14.127_443=OK,186.246.14.113_22=OK,186.246.14.113_443=OK
2026-07-08T19:15:30Z,ips=92.53.115.87|186.246.14.127|186.246.14.113,92.53.115.87_22=OK,92.53.115.87_443=OK,186.246.14.127_22=OK,186.246.14.127_443=OK,186.246.14.113_22=OK,186.246.14.113_443=OK
2026-07-08T19:20:33Z,ips=92.53.115.87|186.246.14.127|186.246.14.113,92.53.115.87_22=OK,92.53.115.87_443=OK,186.246.14.127_22=OK,186.246.14.127_443=OK,186.246.14.113_22=OK,186.246.14.113_443=OK
2026-07-08T19:25:29Z,ips=92.53.115.87|186.246.14.127|186.246.14.113,92.53.115.87_22=OK,92.53.115.87_443=OK,186.246.14.127_22=OK,186.246.14.127_443=OK,186.246.14.113_22=OK,186.246.14.113_443=OK
2026-07-08T19:30:32Z,ips=92.53.115.87|186.246.14.127|186.246.14.113,92.53.115.87_22=OK,92.53.115.87_443=OK,186.246.14.127_22=OK,186.246.14.127_443=OK,186.246.14.113_22=OK,186.246.14.113_443=OK
2026-07-08T19:35:39Z,ips=92.53.115.87|186.246.14.127|186.246.14.113,92.53.115.87_22=OK,92.53.115.87_443=OK,186.246.14.127_22=OK,186.246.14.127_443=OK,186.246.14.113_22=OK,186.246.14.113_443=OK
2026-07-08T19:40:37Z,ips=92.53.115.87|186.246.14.127|186.246.14.113,92.53.115.87_22=OK,92.53.115.87_443=OK,186.246.14.127_22=OK,186.246.14.127_443=OK,186.246.14.113_22=OK,186.246.14.113_443=OK
2026-07-08T19:45:35Z,ips=92.53.115.87|186.246.14.127|186.246.14.113,92.53.115.87_22=OK,92.53.115.87_443=OK,186.246.14.127_22=OK,186.246.14.127_443=OK,186.246.14.113_22=OK,186.246.14.113_443=OK
2026-07-08T19:50:43Z,ips=92.53.115.87|186.246.14.127|186.246.14.113,92.53.115.87_22=OK,92.53.115.87_443=OK,186.246.14.127_22=OK,186.246.14.127_443=OK,186.246.14.113_22=OK,186.246.14.113_443=OK
2026-07-08T19:55:38Z,ips=92.53.115.87|186.246.14.127|186.246.14.113,92.53.115.87_22=OK,92.53.115.87_443=OK,186.246.14.127_22=OK,186.246.14.127_443=OK,186.246.14.113_22=OK,186.246.14.113_443=OK
2026-07-08T20:00:58Z,ips=92.53.115.87|186.246.14.127|186.246.14.113,92.53.115.87_22=OK,92.53.115.87_443=OK,186.246.14.127_22=OK,186.246.14.127_443=OK,186.246.14.113_22=OK,186.246.14.113_443=OK
2026-07-08T20:05:37Z,ips=92.53.115.87|186.246.14.127|186.246.14.113,92.53.115.87_22=OK,92.53.115.87_443=OK,186.246.14.127_22=OK,186.246.14.127_443=OK,186.246.14.113_22=OK,186.246.14.113_443=OK
2026-07-08T20:10:35Z,ips=92.53.115.87|186.246.14.127|186.246.14.113,92.53.115.87_22=OK,92.53.115.87_443=OK,186.246.14.127_22=OK,186.246.14.127_443=OK,186.246.14.113_22=OK,186.246.14.113_443=OK
2026-07-08T20:15:37Z,ips=92.53.115.87|186.246.14.127|186.246.14.113,92.53.115.87_22=OK,92.53.115.87_443=OK,186.246.14.127_22=OK,186.246.14.127_443=OK,186.246.14.113_22=OK,186.246.14.113_443=OK
2026-07-08T20:20:39Z,ips=92.53.115.87|186.246.14.127|186.246.14.113,92.53.115.87_22=OK,92.53.115.87_443=OK,186.246.14.127_22=OK,186.246.14.127_443=OK,186.246.14.113_22=OK,186.246.14.113_443=OK
2026-07-08T20:25:34Z,ips=92.53.115.87|186.246.14.127|186.246.14.113,92.53.115.87_22=OK,92.53.115.87_443=OK,186.246.14.127_22=OK,186.246.14.127_443=OK,186.246.14.113_22=OK,186.246.14.113_443=OK
2026-07-08T20:30:56Z,ips=92.53.115.87|186.246.14.127|186.246.14.113,92.53.115.87_22=OK,92.53.115.87_443=OK,186.246.14.127_22=OK,186.246.14.127_443=OK,186.246.14.113_22=OK,186.246.14.113_443=OK
2026-07-08T20:35:22Z,ips=92.53.115.87|186.246.14.127|186.246.14.113,92.53.115.87_22=OK,92.53.115.87_443=OK,186.246.14.127_22=OK,186.246.14.127_443=OK,186.246.14.113_22=OK,186.246.14.113_443=OK
2026-07-08T20:40:49Z,ips=92.53.115.87|186.246.14.127|186.246.14.113,92.53.115.87_22=OK,92.53.115.87_443=OK,186.246.14.127_22=OK,186.246.14.127_443=OK,186.246.14.113_22=OK,186.246.14.113_443=OK
2026-07-08T20:45:46Z,ips=92.53.115.87|186.246.14.127|186.246.14.113,92.53.115.87_22=OK,92.53.115.87_443=OK,186.246.14.127_22=OK,186.246.14.127_443=OK,186.246.14.113_22=OK,186.246.14.113_443=OK
2026-07-08T20:50:22Z,ips=92.53.115.87|186.246.14.127|186.246.14.113,92.53.115.87_22=OK,92.53.115.87_443=OK,186.246.14.127_22=OK,186.246.14.127_443=OK,186.246.14.113_22=OK,186.246.14.113_443=OK
2026-07-08T20:55:47Z,ips=92.53.115.87|186.246.14.127|186.246.14.113,92.53.115.87_22=OK,92.53.115.87_443=OK,186.246.14.127_22=OK,186.246.14.127_443=OK,186.246.14.113_22=OK,186.246.14.113_443=OK
2026-07-08T21:00:42Z,ips=92.53.115.87|186.246.14.127|186.246.14.113,92.53.115.87_22=OK,92.53.115.87_443=OK,186.246.14.127_22=OK,186.246.14.127_443=OK,186.246.14.113_22=OK,186.246.14.113_443=OK
2026-07-08T21:05:21Z,ips=92.53.115.87|186.246.14.127|186.246.14.113,92.53.115.87_22=OK,92.53.115.87_443=OK,186.246.14.127_22=OK,186.246.14.127_443=OK,186.246.14.113_22=OK,186.246.14.113_443=OK
2026-07-08T21:10:29Z,ips=92.53.115.87|186.246.14.127|186.246.14.113,92.53.115.87_22=OK,92.53.115.87_443=OK,186.246.14.127_22=OK,186.246.14.127_443=OK,186.246.14.113_22=OK,186.246.14.113_443=OK
2026-07-08T21:15:26Z,ips=92.53.115.87|186.246.14.127|186.246.14.113,92.53.115.87_22=OK,92.53.115.87_443=OK,186.246.14.127_22=OK,186.246.14.127_443=OK,186.246.14.113_22=OK,186.246.14.113_443=OK
2026-07-08T21:20:23Z,ips=92.53.115.87|186.246.14.127|186.246.14.113,92.53.115.87_22=OK,92.53.115.87_443=OK,186.246.14.127_22=OK,186.246.14.127_443=OK,186.246.14.113_22=OK,186.246.14.113_443=OK
2026-07-08T21:25:48Z,ips=92.53.115.87|186.246.14.127|186.246.14.113,92.53.115.87_22=OK,92.53.115.87_443=OK,186.246.14.127_22=OK,186.246.14.127_443=OK,186.246.14.113_22=OK,186.246.14.113_443=OK
2026-07-08T21:30:51Z,ips=92.53.115.87|186.246.14.127|186.246.14.113,92.53.115.87_22=OK,92.53.115.87_443=OK,186.246.14.127_22=OK,186.246.14.127_443=OK,186.246.14.113_22=OK,186.246.14.113_443=OK
2026-07-08T21:35:47Z,ips=92.53.115.87|186.246.14.127|186.246.14.113,92.53.115.87_22=OK,92.53.115.87_443=OK,186.246.14.127_22=OK,186.246.14.127_443=OK,186.246.14.113_22=OK,186.246.14.113_443=OK
2026-07-08T21:40:45Z,ips=92.53.115.87|186.246.14.127|186.246.14.113,92.53.115.87_22=OK,92.53.115.87_443=OK,186.246.14.127_22=OK,186.246.14.127_443=OK,186.246.14.113_22=OK,186.246.14.113_443=OK
2026-07-08T21:45:43Z,ips=92.53.115.87|186.246.14.127|186.246.14.113,92.53.115.87_22=OK,92.53.115.87_443=OK,186.246.14.127_22=OK,186.246.14.127_443=OK,186.246.14.113_22=OK,186.246.14.113_443=OK
2026-07-08T21:50:40Z,ips=92.53.115.87|186.246.14.127|186.246.14.113,92.53.115.87_22=OK,92.53.115.87_443=OK,186.246.14.127_22=OK,186.246.14.127_443=OK,186.246.14.113_22=OK,186.246.14.113_443=OK
2026-07-08T21:55:35Z,ips=92.53.115.87|186.246.14.127|186.246.14.113,92.53.115.87_22=OK,92.53.115.87_443=OK,186.246.14.127_22=OK,186.246.14.127_443=OK,186.246.14.113_22=OK,186.246.14.113_443=OK
2026-07-08T22:00:43Z,ips=92.53.115.87|186.246.14.127|186.246.14.113,92.53.115.87_22=OK,92.53.115.87_443=OK,186.246.14.127_22=OK,186.246.14.127_443=OK,186.246.14.113_22=OK,186.246.14.113_443=OK
2026-07-08T22:05:40Z,ips=92.53.115.87|186.246.14.127|186.246.14.113,92.53.115.87_22=OK,92.53.115.87_443=OK,186.246.14.127_22=OK,186.246.14.127_443=OK,186.246.14.113_22=OK,186.246.14.113_443=OK
2026-07-08T22:10:36Z,ips=92.53.115.87|186.246.14.127|186.246.14.113,92.53.115.87_22=OK,92.53.115.87_443=OK,186.246.14.127_22=OK,186.246.14.127_443=OK,186.246.14.113_22=OK,186.246.14.113_443=OK
2026-07-08T22:15:33Z,ips=92.53.115.87|186.246.14.127|186.246.14.113,92.53.115.87_22=OK,92.53.115.87_443=OK,186.246.14.127_22=OK,186.246.14.127_443=OK,186.246.14.113_22=OK,186.246.14.113_443=OK
2026-07-08T22:20:29Z,ips=92.53.115.87|186.246.14.127|186.246.14.113,92.53.115.87_22=OK,92.53.115.87_443=OK,186.246.14.127_22=OK,186.246.14.127_443=OK,186.246.14.113_22=OK,186.246.14.113_443=OK
2026-07-08T22:25:24Z,ips=92.53.115.87|186.246.14.127|186.246.14.113,92.53.115.87_22=OK,92.53.115.87_443=OK,186.246.14.127_22=OK,186.246.14.127_443=OK,186.246.14.113_22=OK,186.246.14.113_443=OK
2026-07-08T22:30:57Z,ips=92.53.115.87|186.246.14.127|186.246.14.113,92.53.115.87_22=OK,92.53.115.87_443=OK,186.246.14.127_22=OK,186.246.14.127_443=OK,186.246.14.113_22=OK,186.246.14.113_443=OK
2026-07-08T22:35:21Z,ips=92.53.115.87|186.246.14.127|186.246.14.113,92.53.115.87_22=OK,92.53.115.87_443=OK,186.246.14.127_22=OK,186.246.14.127_443=OK,186.246.14.113_22=OK,186.246.14.113_443=OK
2026-07-08T22:40:47Z,ips=92.53.115.87|186.246.14.127|186.246.14.113,92.53.115.87_22=OK,92.53.115.87_443=OK,186.246.14.127_22=OK,186.246.14.127_443=OK,186.246.14.113_22=OK,186.246.14.113_443=OK
2026-07-08T22:45:39Z,ips=92.53.115.87|186.246.14.127|186.246.14.113,92.53.115.87_22=OK,92.53.115.87_443=OK,186.246.14.127_22=OK,186.246.14.127_443=OK,186.246.14.113_22=OK,186.246.14.113_443=OK
2026-07-08T22:50:44Z,ips=92.53.115.87|186.246.14.127|186.246.14.113,92.53.115.87_22=OK,92.53.115.87_443=OK,186.246.14.127_22=OK,186.246.14.127_443=OK,186.246.14.113_22=OK,186.246.14.113_443=OK
2026-07-08T22:55:40Z,ips=92.53.115.87|186.246.14.127|186.246.14.113,92.53.115.87_22=OK,92.53.115.87_443=OK,186.246.14.127_22=OK,186.246.14.127_443=OK,186.246.14.113_22=OK,186.246.14.113_443=OK
2026-07-08T23:00:46Z,ips=92.53.115.87|186.246.14.127|186.246.14.113,92.53.115.87_22=OK,92.53.115.87_443=OK,186.246.14.127_22=OK,186.246.14.127_443=OK,186.246.14.113_22=OK,186.246.14.113_443=OK
2026-07-08T23:05:29Z,ips=92.53.115.87|186.246.14.127|186.246.14.113,92.53.115.87_22=OK,92.53.115.87_443=OK,186.246.14.127_22=OK,186.246.14.127_443=OK,186.246.14.113_22=OK,186.246.14.113_443=OK
2026-07-08T23:10:34Z,ips=92.53.115.87|186.246.14.127|186.246.14.113,92.53.115.87_22=OK,92.53.115.87_443=OK,186.246.14.127_22=OK,186.246.14.127_443=OK,186.246.14.113_22=OK,186.246.14.113_443=OK
2026-07-08T23:15:31Z,ips=92.53.115.87|186.246.14.127|186.246.14.113,92.53.115.87_22=OK,92.53.115.87_443=OK,186.246.14.127_22=OK,186.246.14.127_443=OK,186.246.14.113_22=OK,186.246.14.113_443=OK
2026-07-08T23:20:37Z,ips=92.53.115.87|186.246.14.127|186.246.14.113,92.53.115.87_22=OK,92.53.115.87_443=OK,186.246.14.127_22=OK,186.246.14.127_443=OK,186.246.14.113_22=OK,186.246.14.113_443=OK
2026-07-08T23:25:40Z,ips=92.53.115.87|186.246.14.127|186.246.14.113,92.53.115.87_22=OK,92.53.115.87_443=OK,186.246.14.127_22=OK,186.246.14.127_443=OK,186.246.14.113_22=OK,186.246.14.113_443=OK
2026-07-08T23:30:50Z,ips=92.53.115.87|186.246.14.127|186.246.14.113,92.53.115.87_22=OK,92.53.115.87_443=OK,186.246.14.127_22=OK,186.246.14.127_443=OK,186.246.14.113_22=OK,186.246.14.113_443=OK
2026-07-08T23:35:45Z,ips=92.53.115.87|186.246.14.127|186.246.14.113,92.53.115.87_22=OK,92.53.115.87_443=OK,186.246.14.127_22=OK,186.246.14.127_443=OK,186.246.14.113_22=OK,186.246.14.113_443=OK
2026-07-08T23:40:41Z,ips=92.53.115.87|186.246.14.127|186.246.14.113,92.53.115.87_22=OK,92.53.115.87_443=OK,186.246.14.127_22=OK,186.246.14.127_443=OK,186.246.14.113_22=OK,186.246.14.113_443=OK
2026-07-08T23:45:37Z,ips=92.53.115.87|186.246.14.127|186.246.14.113,92.53.115.87_22=OK,92.53.115.87_443=OK,186.246.14.127_22=OK,186.246.14.127_443=OK,186.246.14.113_22=OK,186.246.14.113_443=OK
2026-07-08T23:50:42Z,ips=92.53.115.87|186.246.14.127|186.246.14.113,92.53.115.87_22=OK,92.53.115.87_443=OK,186.246.14.127_22=OK,186.246.14.127_443=OK,186.246.14.113_22=OK,186.246.14.113_443=OK
2026-07-08T23:55:35Z,ips=92.53.115.87|186.246.14.127|186.246.14.113,92.53.115.87_22=OK,92.53.115.87_443=OK,186.246.14.127_22=OK,186.246.14.127_443=OK,186.246.14.113_22=OK,186.246.14.113_443=OK
2026-07-09T00:00:55Z,ips=92.53.115.87|186.246.14.127|186.246.14.113,92.53.115.87_22=OK,92.53.115.87_443=OK,186.246.14.127_22=OK,186.246.14.127_443=OK,186.246.14.113_22=OK,186.246.14.113_443=OK
2026-07-09T00:05:25Z,ips=92.53.115.87|186.246.14.127|186.246.14.113,92.53.115.87_22=OK,92.53.115.87_443=OK,186.246.14.127_22=OK,186.246.14.127_443=OK,186.246.14.113_22=OK,186.246.14.113_443=OK
2026-07-09T00:10:51Z,ips=92.53.115.87|186.246.14.127|186.246.14.113,92.53.115.87_22=OK,92.53.115.87_443=OK,186.246.14.127_22=OK,186.246.14.127_443=OK,186.246.14.113_22=OK,186.246.14.113_443=OK
2026-07-09T00:15:51Z,ips=92.53.115.87|186.246.14.127|186.246.14.113,92.53.115.87_22=OK,92.53.115.87_443=OK,186.246.14.127_22=OK,186.246.14.127_443=OK,186.246.14.113_22=OK,186.246.14.113_443=OK
2026-07-09T00:20:31Z,ips=92.53.115.87|186.246.14.127|186.246.14.113,92.53.115.87_22=OK,92.53.115.87_443=OK,186.246.14.127_22=OK,186.246.14.127_443=OK,186.246.14.113_22=OK,186.246.14.113_443=OK
2026-07-09T00:25:29Z,ips=92.53.115.87|186.246.14.127|186.246.14.113,92.53.115.87_22=OK,92.53.115.87_443=OK,186.246.14.127_22=OK,186.246.14.127_443=OK,186.246.14.113_22=OK,186.246.14.113_443=OK
2026-07-09T00:30:34Z,ips=92.53.115.87|186.246.14.127|186.246.14.113,92.53.115.87_22=OK,92.53.115.87_443=OK,186.246.14.127_22=OK,186.246.14.127_443=OK,186.246.14.113_22=OK,186.246.14.113_443=OK
2026-07-09T00:35:32Z,ips=92.53.115.87|186.246.14.127|186.246.14.113,92.53.115.87_22=OK,92.53.115.87_443=OK,186.246.14.127_22=OK,186.246.14.127_443=OK,186.246.14.113_22=OK,186.246.14.113_443=OK
2026-07-09T00:40:42Z,ips=92.53.115.87|186.246.14.127|186.246.14.113,92.53.115.87_22=OK,92.53.115.87_443=OK,186.246.14.127_22=OK,186.246.14.127_443=OK,186.246.14.113_22=OK,186.246.14.113_443=OK
2026-07-09T00:45:41Z,ips=92.53.115.87|186.246.14.127|186.246.14.113,92.53.115.87_22=OK,92.53.115.87_443=OK,186.246.14.127_22=OK,186.246.14.127_443=OK,186.246.14.113_22=OK,186.246.14.113_443=OK
2026-07-09T00:50:51Z,ips=92.53.115.87|186.246.14.127|186.246.14.113,92.53.115.87_22=OK,92.53.115.87_443=OK,186.246.14.127_22=OK,186.246.14.127_443=OK,186.246.14.113_22=OK,186.246.14.113_443=OK
2026-07-09T00:55:49Z,ips=92.53.115.87|186.246.14.127|186.246.14.113,92.53.115.87_22=OK,92.53.115.87_443=OK,186.246.14.127_22=OK,186.246.14.127_443=OK,186.246.14.113_22=OK,186.246.14.113_443=OK
2026-07-09T01:00:40Z,ips=92.53.115.87|186.246.14.127|186.246.14.113,92.53.115.87_22=OK,92.53.115.87_443=OK,186.246.14.127_22=OK,186.246.14.127_443=OK,186.246.14.113_22=OK,186.246.14.113_443=OK
2026-07-09T01:05:21Z,ips=92.53.115.87|186.246.14.127|186.246.14.113,92.53.115.87_22=OK,92.53.115.87_443=OK,186.246.14.127_22=OK,186.246.14.127_443=OK,186.246.14.113_22=OK,186.246.14.113_443=OK
2026-07-09T01:10:52Z,ips=92.53.115.87|186.246.14.127|186.246.14.113,92.53.115.87_22=OK,92.53.115.87_443=OK,186.246.14.127_22=OK,186.246.14.127_443=OK,186.246.14.113_22=OK,186.246.14.113_443=OK
2026-07-09T01:15:52Z,ips=92.53.115.87|186.246.14.127|186.246.14.113,92.53.115.87_22=OK,92.53.115.87_443=OK,186.246.14.127_22=OK,186.246.14.127_443=OK,186.246.14.113_22=OK,186.246.14.113_443=OK
2026-07-09T01:20:52Z,ips=92.53.115.87|186.246.14.127|186.246.14.113,92.53.115.87_22=OK,92.53.115.87_443=OK,186.246.14.127_22=OK,186.246.14.127_443=OK,186.246.14.113_22=OK,186.246.14.113_443=OK
2026-07-09T01:25:49Z,ips=92.53.115.87|186.246.14.127|186.246.14.113,92.53.115.87_22=OK,92.53.115.87_443=OK,186.246.14.127_22=OK,186.246.14.127_443=OK,186.246.14.113_22=OK,186.246.14.113_443=OK
2026-07-09T01:30:53Z,ips=92.53.115.87|186.246.14.127|186.246.14.113,92.53.115.87_22=OK,92.53.115.87_443=OK,186.246.14.127_22=OK,186.246.14.127_443=OK,186.246.14.113_22=OK,186.246.14.113_443=OK
2026-07-09T01:35:33Z,ips=92.53.115.87|186.246.14.127|186.246.14.113,92.53.115.87_22=OK,92.53.115.87_443=OK,186.246.14.127_22=OK,186.246.14.127_443=OK,186.246.14.113_22=OK,186.246.14.113_443=OK
2026-07-09T01:40:32Z,ips=92.53.115.87|186.246.14.127|186.246.14.113,92.53.115.87_22=OK,92.53.115.87_443=OK,186.246.14.127_22=OK,186.246.14.127_443=OK,186.246.14.113_22=OK,186.246.14.113_443=OK
2026-07-09T01:45:32Z,ips=92.53.115.87|186.246.14.127|186.246.14.113,92.53.115.87_22=OK,92.53.115.87_443=OK,186.246.14.127_22=OK,186.246.14.127_443=OK,186.246.14.113_22=OK,186.246.14.113_443=OK
2026-07-09T01:50:31Z,ips=92.53.115.87|186.246.14.127|186.246.14.113,92.53.115.87_22=OK,92.53.115.87_443=OK,186.246.14.127_22=OK,186.246.14.127_443=OK,186.246.14.113_22=OK,186.246.14.113_443=OK
2026-07-09T01:55:39Z,ips=92.53.115.87|186.246.14.127|186.246.14.113,92.53.115.87_22=OK,92.53.115.87_443=OK,186.246.14.127_22=OK,186.246.14.127_443=OK,186.246.14.113_22=OK,186.246.14.113_443=OK
2026-07-09T02:00:50Z,ips=92.53.115.87|186.246.14.127|186.246.14.113,92.53.115.87_22=OK,92.53.115.87_443=OK,186.246.14.127_22=OK,186.246.14.127_443=OK,186.246.14.113_22=OK,186.246.14.113_443=OK
2026-07-09T02:05:20Z,ips=92.53.115.87|186.246.14.127|186.246.14.113,92.53.115.87_22=OK,92.53.115.87_443=OK,186.246.14.127_22=OK,186.246.14.127_443=OK,186.246.14.113_22=OK,186.246.14.113_443=OK
2026-07-09T02:10:34Z,ips=92.53.115.87|186.246.14.127|186.246.14.113,92.53.115.87_22=OK,92.53.115.87_443=OK,186.246.14.127_22=OK,186.246.14.127_443=OK,186.246.14.113_22=OK,186.246.14.113_443=OK
2026-07-09T02:15:34Z,ips=92.53.115.87|186.246.14.127|186.246.14.113,92.53.115.87_22=OK,92.53.115.87_443=OK,186.246.14.127_22=OK,186.246.14.127_443=OK,186.246.14.113_22=OK,186.246.14.113_443=OK
2026-07-09T02:20:34Z,ips=92.53.115.87|186.246.14.127|186.246.14.113,92.53.115.87_22=OK,92.53.115.87_443=OK,186.246.14.127_22=OK,186.246.14.127_443=OK,186.246.14.113_22=OK,186.246.14.113_443=OK
2026-07-09T02:25:31Z,ips=92.53.115.87|186.246.14.127|186.246.14.113,92.53.115.87_22=OK,92.53.115.87_443=OK,186.246.14.127_22=OK,186.246.14.127_443=OK,186.246.14.113_22=OK,186.246.14.113_443=OK
2026-07-09T02:30:36Z,ips=92.53.115.87|186.246.14.127|186.246.14.113,92.53.115.87_22=OK,92.53.115.87_443=OK,186.246.14.127_22=OK,186.246.14.127_443=OK,186.246.14.113_22=OK,186.246.14.113_443=OK
2026-07-09T02:35:34Z,ips=92.53.115.87|186.246.14.127|186.246.14.113,92.53.115.87_22=OK,92.53.115.87_443=OK,186.246.14.127_22=OK,186.246.14.127_443=OK,186.246.14.113_22=OK,186.246.14.113_443=OK
2026-07-09T02:40:24Z,ips=92.53.115.87|186.246.14.127|186.246.14.113,92.53.115.87_22=OK,92.53.115.87_443=OK,186.246.14.127_22=OK,186.246.14.127_443=OK,186.246.14.113_22=OK,186.246.14.113_443=OK
2026-07-09T02:45:52Z,ips=92.53.115.87|186.246.14.127|186.246.14.113,92.53.115.87_22=OK,92.53.115.87_443=OK,186.246.14.127_22=OK,186.246.14.127_443=OK,186.246.14.113_22=OK,186.246.14.113_443=OK
2026-07-09T02:50:47Z,ips=92.53.115.87|186.246.14.127|186.246.14.113,92.53.115.87_22=OK,92.53.115.87_443=OK,186.246.14.127_22=OK,186.246.14.127_443=OK,186.246.14.113_22=OK,186.246.14.113_443=OK
2026-07-09T02:55:41Z,ips=92.53.115.87|186.246.14.127|186.246.14.113,92.53.115.87_22=OK,92.53.115.87_443=OK,186.246.14.127_22=OK,186.246.14.127_443=OK,186.246.14.113_22=OK,186.246.14.113_443=OK
2026-07-09T03:00:51Z,ips=92.53.115.87|186.246.14.127|186.246.14.113,92.53.115.87_22=OK,92.53.115.87_443=OK,186.246.14.127_22=OK,186.246.14.127_443=OK,186.246.14.113_22=OK,186.246.14.113_443=OK
2026-07-09T03:05:39Z,ips=92.53.115.87|186.246.14.127|186.246.14.113,92.53.115.87_22=OK,92.53.115.87_443=OK,186.246.14.127_22=OK,186.246.14.127_443=OK,186.246.14.113_22=OK,186.246.14.113_443=OK
2026-07-09T03:10:36Z,ips=92.53.115.87|186.246.14.127|186.246.14.113,92.53.115.87_22=OK,92.53.115.87_443=OK,186.246.14.127_22=OK,186.246.14.127_443=OK,186.246.14.113_22=OK,186.246.14.113_443=OK
2026-07-09T03:15:33Z,ips=92.53.115.87|186.246.14.127|186.246.14.113,92.53.115.87_22=OK,92.53.115.87_443=OK,186.246.14.127_22=OK,186.246.14.127_443=OK,186.246.14.113_22=OK,186.246.14.113_443=OK
2026-07-09T03:20:30Z,ips=92.53.115.87|186.246.14.127|186.246.14.113,92.53.115.87_22=OK,92.53.115.87_443=OK,186.246.14.127_22=OK,186.246.14.127_443=OK,186.246.14.113_22=OK,186.246.14.113_443=OK
2026-07-09T03:25:24Z,ips=92.53.115.87|186.246.14.127|186.246.14.113,92.53.115.87_22=OK,92.53.115.87_443=OK,186.246.14.127_22=OK,186.246.14.127_443=OK,186.246.14.113_22=OK,186.246.14.113_443=OK
2026-07-09T03:30:56Z,ips=92.53.115.87|186.246.14.127|186.246.14.113,92.53.115.87_22=OK,92.53.115.87_443=OK,186.246.14.127_22=OK,186.246.14.127_443=OK,186.246.14.113_22=OK,186.246.14.113_443=OK
2026-07-09T03:35:21Z,ips=92.53.115.87|186.246.14.127|186.246.14.113,92.53.115.87_22=OK,92.53.115.87_443=OK,186.246.14.127_22=OK,186.246.14.127_443=OK,186.246.14.113_22=OK,186.246.14.113_443=OK
2026-07-09T03:40:48Z,ips=92.53.115.87|186.246.14.127|186.246.14.113,92.53.115.87_22=OK,92.53.115.87_443=OK,186.246.14.127_22=OK,186.246.14.127_443=OK,186.246.14.113_22=OK,186.246.14.113_443=OK
2026-07-09T03:45:45Z,ips=92.53.115.87|186.246.14.127|186.246.14.113,92.53.115.87_22=OK,92.53.115.87_443=OK,186.246.14.127_22=OK,186.246.14.127_443=OK,186.246.14.113_22=OK,186.246.14.113_443=OK
2026-07-09T03:50:28Z,ips=92.53.115.87|186.246.14.127|186.246.14.113,92.53.115.87_22=OK,92.53.115.87_443=OK,186.246.14.127_22=OK,186.246.14.127_443=OK,186.246.14.113_22=OK,186.246.14.113_443=OK
2026-07-09T03:55:23Z,ips=92.53.115.87|186.246.14.127|186.246.14.113,92.53.115.87_22=OK,92.53.115.87_443=OK,186.246.14.127_22=OK,186.246.14.127_443=OK,186.246.14.113_22=OK,186.246.14.113_443=OK
2026-07-09T04:01:04Z,ips=92.53.115.87|186.246.14.127|186.246.14.113,92.53.115.87_22=OK,92.53.115.87_443=OK,186.246.14.127_22=OK,186.246.14.127_443=OK,186.246.14.113_22=OK,186.246.14.113_443=OK
2026-07-09T04:05:33Z,ips=92.53.115.87|186.246.14.127|186.246.14.113,92.53.115.87_22=OK,92.53.115.87_443=OK,186.246.14.127_22=OK,186.246.14.127_443=OK,186.246.14.113_22=OK,186.246.14.113_443=OK
2026-07-09T04:10:31Z,ips=92.53.115.87|186.246.14.127|186.246.14.113,92.53.115.87_22=OK,92.53.115.87_443=OK,186.246.14.127_22=OK,186.246.14.127_443=OK,186.246.14.113_22=OK,186.246.14.113_443=OK
2026-07-09T04:15:39Z,ips=92.53.115.87|186.246.14.127|186.246.14.113,92.53.115.87_22=OK,92.53.115.87_443=OK,186.246.14.127_22=OK,186.246.14.127_443=OK,186.246.14.113_22=OK,186.246.14.113_443=OK
2026-07-09T04:20:36Z,ips=92.53.115.87|186.246.14.127|186.246.14.113,92.53.115.87_22=OK,92.53.115.87_443=OK,186.246.14.127_22=OK,186.246.14.127_443=OK,186.246.14.113_22=OK,186.246.14.113_443=OK
2026-07-09T04:25:33Z,ips=92.53.115.87|186.246.14.127|186.246.14.113,92.53.115.87_22=OK,92.53.115.87_443=OK,186.246.14.127_22=OK,186.246.14.127_443=OK,186.246.14.113_22=OK,186.246.14.113_443=OK
2026-07-09T04:30:35Z,ips=92.53.115.87|186.246.14.127|186.246.14.113,92.53.115.87_22=OK,92.53.115.87_443=OK,186.246.14.127_22=OK,186.246.14.127_443=OK,186.246.14.113_22=OK,186.246.14.113_443=OK
2026-07-09T04:35:41Z,ips=92.53.115.87|186.246.14.127|186.246.14.113,92.53.115.87_22=OK,92.53.115.87_443=OK,186.246.14.127_22=OK,186.246.14.127_443=OK,186.246.14.113_22=OK,186.246.14.113_443=OK
2026-07-09T04:40:51Z,ips=92.53.115.87|186.246.14.127|186.246.14.113,92.53.115.87_22=OK,92.53.115.87_443=OK,186.246.14.127_22=OK,186.246.14.127_443=OK,186.246.14.113_22=OK,186.246.14.113_443=OK
2026-07-09T04:45:33Z,ips=92.53.115.87|186.246.14.127|186.246.14.113,92.53.115.87_22=OK,92.53.115.87_443=OK,186.246.14.127_22=OK,186.246.14.127_443=OK,186.246.14.113_22=OK,186.246.14.113_443=OK
2026-07-09T04:50:41Z,ips=92.53.115.87|186.246.14.127|186.246.14.113,92.53.115.87_22=OK,92.53.115.87_443=OK,186.246.14.127_22=OK,186.246.14.127_443=OK,186.246.14.113_22=OK,186.246.14.113_443=OK
2026-07-09T04:55:39Z,ips=92.53.115.87|186.246.14.127|186.246.14.113,92.53.115.87_22=OK,92.53.115.87_443=OK,186.246.14.127_22=OK,186.246.14.127_443=OK,186.246.14.113_22=OK,186.246.14.113_443=OK
2026-07-09T05:00:59Z,ips=92.53.115.87|186.246.14.127|186.246.14.113,92.53.115.87_22=OK,92.53.115.87_443=OK,186.246.14.127_22=OK,186.246.14.127_443=OK,186.246.14.113_22=OK,186.246.14.113_443=OK
2026-07-09T05:05:43Z,ips=92.53.115.87|186.246.14.127|186.246.14.113,92.53.115.87_22=OK,92.53.115.87_443=OK,186.246.14.127_22=OK,186.246.14.127_443=OK,186.246.14.113_22=OK,186.246.14.113_443=OK
2026-07-09T05:10:33Z,ips=92.53.115.87|186.246.14.127|186.246.14.113,92.53.115.87_22=OK,92.53.115.87_443=OK,186.246.14.127_22=OK,186.246.14.127_443=OK,186.246.14.113_22=OK,186.246.14.113_443=OK
2026-07-09T05:15:45Z,ips=92.53.115.87|186.246.14.127|186.246.14.113,92.53.115.87_22=OK,92.53.115.87_443=OK,186.246.14.127_22=OK,186.246.14.127_443=OK,186.246.14.113_22=OK,186.246.14.113_443=OK
2026-07-09T05:20:45Z,ips=92.53.115.87|186.246.14.127|186.246.14.113,92.53.115.87_22=OK,92.53.115.87_443=OK,186.246.14.127_22=OK,186.246.14.127_443=OK,186.246.14.113_22=OK,186.246.14.113_443=OK
2026-07-09T05:25:42Z,ips=92.53.115.87|186.246.14.127|186.246.14.113,92.53.115.87_22=OK,92.53.115.87_443=OK,186.246.14.127_22=OK,186.246.14.127_443=OK,186.246.14.113_22=OK,186.246.14.113_443=OK
2026-07-09T05:30:56Z,ips=92.53.115.87|186.246.14.127|186.246.14.113,92.53.115.87_22=OK,92.53.115.87_443=OK,186.246.14.127_22=OK,186.246.14.127_443=OK,186.246.14.113_22=OK,186.246.14.113_443=OK
2026-07-09T05:35:40Z,ips=92.53.115.87|186.246.14.127|186.246.14.113,92.53.115.87_22=OK,92.53.115.87_443=OK,186.246.14.127_22=OK,186.246.14.127_443=OK,186.246.14.113_22=OK,186.246.14.113_443=OK
2026-07-09T05:40:35Z,ips=92.53.115.87|186.246.14.127|186.246.14.113,92.53.115.87_22=OK,92.53.115.87_443=OK,186.246.14.127_22=OK,186.246.14.127_443=OK,186.246.14.113_22=OK,186.246.14.113_443=OK
2026-07-09T05:45:26Z,ips=92.53.115.87|186.246.14.127|186.246.14.113,92.53.115.87_22=OK,92.53.115.87_443=OK,186.246.14.127_22=OK,186.246.14.127_443=OK,186.246.14.113_22=OK,186.246.14.113_443=OK
2026-07-09T05:50:37Z,ips=92.53.115.87|186.246.14.127|186.246.14.113,92.53.115.87_22=OK,92.53.115.87_443=OK,186.246.14.127_22=OK,186.246.14.127_443=OK,186.246.14.113_22=OK,186.246.14.113_443=OK
2026-07-09T05:55:45Z,ips=92.53.115.87|186.246.14.127|186.246.14.113,92.53.115.87_22=OK,92.53.115.87_443=OK,186.246.14.127_22=OK,186.246.14.127_443=OK,186.246.14.113_22=OK,186.246.14.113_443=OK
2026-07-09T06:00:39Z,ips=92.53.115.87|186.246.14.127|186.246.14.113,92.53.115.87_22=OK,92.53.115.87_443=OK,186.246.14.127_22=OK,186.246.14.127_443=OK,186.246.14.113_22=OK,186.246.14.113_443=OK
2026-07-09T06:05:35Z,ips=92.53.115.87|186.246.14.127|186.246.14.113,92.53.115.87_22=OK,92.53.115.87_443=OK,186.246.14.127_22=OK,186.246.14.127_443=OK,186.246.14.113_22=OK,186.246.14.113_443=OK
